win,turret_plates,early_roam_kills,first_blood,first_tower,first_dragon,first_rift_herald,void_grubs,min15_kills,min15_deaths,min15_assists,min15_wards_placed,min15_wards_killed,min15_control_wards,min15_cs,min15_cs_diff,min15_xp_diff,history_wr_global,history_wr_champ,racha_previa,is_MMR_check,role_JUNGLE,role_MIDDLE,role_TOP,role_UTILITY,is_flex
0,0,0,1,0,0,0,1,0.0,5.0,1.0,6.0,1.0,1.0,52.0,-75.0,-3143.0,0.6,0.5,0,0,0,0,1,0,0
1,5,0,0,1,1,1,0,1.0,2.0,0.0,6.0,0.0,2.0,119.0,17.0,-305.0,0.5769230769230769,0.0,-1,0,0,0,1,0,0
0,8,0,0,1,1,1,0,3.0,2.0,1.0,5.0,1.0,0.0,96.0,-11.0,-601.0,0.5925925925925926,0.5,1,0,0,0,1,0,0
0,1,0,0,1,0,1,3,0.0,2.0,3.0,2.0,1.0,2.0,80.0,-12.0,-509.0,0.5714285714285714,0.3333333333333333,-1,0,1,0,0,0,0
0,4,0,0,0,1,1,3,2.0,2.0,1.0,4.0,0.0,0.0,115.0,14.0,281.0,0.5517241379310345,0.25,-2,0,0,0,1,0,0
0,1,0,0,0,1,1,0,0.0,5.0,0.0,4.0,0.0,0.0,91.0,-37.0,-2955.0,0.5333333333333333,0.2,-3,0,0,0,1,0,0
0,0,0,0,0,0,0,3,1.0,6.0,0.0,2.0,0.0,0.0,68.0,-57.0,-2806.0,0.5161290322580645,0.5,-4,0,0,0,1,0,0
0,1,0,0,0,0,0,2,1.0,7.0,1.0,4.0,1.0,1.0,74.0,-16.0,-2720.0,0.5,0.5,-5,0,0,1,0,0,0
0,0,0,1,0,1,0,0,1.0,5.0,0.0,4.0,0.0,0.0,77.0,-28.0,-1025.0,0.48484848484848486,0.3333333333333333,-6,0,0,0,0,0,0
1,0,0,0,0,1,0,0,0.0,8.0,1.0,3.0,0.0,0.0,84.0,-28.0,-2988.0,0.47058823529411764,0.5,-7,0,0,0,1,0,0
0,2,1,0,1,0,0,3,5.0,4.0,1.0,7.0,2.0,0.0,35.0,23.0,-523.0,0.4857142857142857,0.5,1,0,0,0,0,1,0
1,4,0,1,1,1,1,3,1.0,5.0,3.0,4.0,1.0,1.0,36.0,18.0,761.0,0.4722222222222222,0.0,-1,0,0,0,0,1,0
0,2,0,1,0,0,0,0,1.0,4.0,2.0,5.0,0.0,0.0,110.0,33.0,-76.0,0.4864864864864865,0.5,1,0,0,0,1,0,0
0,1,0,0,0,1,0,0,0.0,6.0,3.0,4.0,4.0,0.0,36.0,19.0,-1039.0,0.47368421052631576,0.5,-1,0,0,0,0,1,0
0,1,0,0,0,0,0,3,3.0,4.0,1.0,4.0,0.0,0.0,51.0,20.0,671.0,0.46153846153846156,0.3333333333333333,-2,0,0,0,0,1,0
0,0,0,0,0,0,0,0,2.0,3.0,1.0,3.0,3.0,3.0,70.0,-34.0,-2138.0,0.45,0.5,-3,0,1,0,0,0,0
0,2,0,0,0,0,0,3,0.0,5.0,1.0,0.0,1.0,0.0,67.0,-41.0,-2239.0,0.43902439024390244,0.5,-4,0,1,0,0,0,0
1,5,0,0,1,1,1,0,1.0,6.0,1.0,6.0,0.0,1.0,98.0,-28.0,-1455.0,0.42857142857142855,0.16666666666666666,-5,0,0,0,1,0,0
1,5,0,1,1,0,0,3,1.0,0.0,2.0,6.0,0.0,2.0,114.0,21.0,1069.0,0.4418604651162791,0.2857142857142857,1,0,0,0,1,0,0
1,4,0,0,0,1,0,3,1.0,4.0,0.0,3.0,34.0,0.0,77.0,-57.0,-1484.0,0.45454545454545453,0.375,2,0,0,0,1,0,0
1,4,0,1,1,0,1,1,2.0,2.0,2.0,4.0,0.0,2.0,104.0,5.0,787.0,0.4666666666666667,0.4444444444444444,3,1,0,0,1,0,0
0,0,0,0,0,0,0,1,1.0,5.0,0.0,4.0,0.0,0.0,88.0,-35.0,-1733.0,0.4782608695652174,0.5,4,0,0,0,1,0,0
1,3,0,1,0,1,1,0,2.0,2.0,3.0,4.0,0.0,2.0,103.0,-16.0,-27.0,0.46808510638297873,0.25,-1,0,0,0,0,0,0
0,1,0,1,1,1,1,3,0.0,2.0,3.0,11.0,3.0,4.0,16.0,-3.0,-2277.0,0.47058823529411764,0.5,1,0,0,0,0,1,0
0,0,0,1,0,1,1,3,1.0,2.0,1.0,5.0,1.0,0.0,88.0,-41.0,-662.0,0.46153846153846156,0.5,-1,0,0,0,0,0,0
1,0,0,0,1,1,0,3,2.0,5.0,0.0,6.0,0.0,2.0,88.0,0.0,-1596.0,0.4528301886792453,0.45454545454545453,-2,0,0,0,1,0,0
0,4,0,1,1,0,1,3,1.0,3.0,6.0,2.0,2.0,2.0,82.0,-40.0,-1353.0,0.46296296296296297,0.5,1,0,1,0,0,0,0
0,0,0,0,1,0,0,0,1.0,4.0,1.0,2.0,2.0,2.0,74.0,-28.0,-723.0,0.45454545454545453,0.5,-1,0,1,0,0,0,0
0,2,0,1,1,0,0,1,2.0,5.0,0.0,10.0,1.0,1.0,94.0,4.0,5.0,0.44642857142857145,0.5,-2,0,0,0,1,0,0
1,5,1,1,1,0,1,3,3.0,0.0,4.0,14.0,0.0,2.0,111.0,-12.0,194.0,0.43859649122807015,0.5,-3,0,0,0,0,0,0
1,1,1,1,0,0,0,0,4.0,1.0,1.0,15.0,2.0,1.0,114.0,14.0,81.0,0.4482758620689655,1.0,1,0,0,0,0,0,0
0,4,0,1,0,1,1,3,1.0,0.0,2.0,13.0,2.0,2.0,123.0,3.0,-255.0,0.4576271186440678,1.0,2,0,0,0,0,0,0
0,0,0,1,0,1,0,0,4.0,1.0,2.0,16.0,2.0,1.0,89.0,-3.0,-524.0,0.45,0.6666666666666666,-1,0,0,0,0,0,0
0,2,0,0,0,1,0,0,3.0,3.0,0.0,4.0,0.0,1.0,106.0,-7.0,276.0,0.4426229508196721,0.5,-2,0,0,0,1,0,0
0,1,0,1,0,1,0,0,3.0,4.0,3.0,4.0,1.0,1.0,107.0,3.0,-744.0,0.43548387096774194,0.4,-3,0,0,0,0,0,0
1,5,0,0,1,0,0,3,2.0,3.0,0.0,3.0,0.0,1.0,105.0,-26.0,-905.0,0.42857142857142855,0.46153846153846156,-4,0,0,0,1,0,0
0,3,0,1,1,1,0,0,4.0,1.0,3.0,5.0,0.0,1.0,96.0,-6.0,980.0,0.4375,0.5,1,0,0,0,0,0,0
1,6,2,0,1,1,1,3,14.0,3.0,0.0,4.0,2.0,1.0,92.0,37.0,754.0,0.4307692307692308,0.5,-1,0,0,0,0,0,0
0,0,0,0,0,0,0,3,2.0,6.0,1.0,4.0,1.0,0.0,83.0,-19.0,-1529.0,0.4393939393939394,1.0,1,0,0,0,0,0,0
1,2,0,0,0,1,0,0,7.0,2.0,1.0,5.0,1.0,1.0,97.0,22.0,765.0,0.43283582089552236,0.5,-1,0,0,0,0,0,0
0,0,0,0,0,0,1,0,2.0,4.0,1.0,6.0,1.0,2.0,108.0,-18.0,-818.0,0.4411764705882353,1.0,1,0,0,0,0,0,0
1,2,1,1,1,1,1,3,5.0,3.0,1.0,6.0,1.0,2.0,111.0,-9.0,301.0,0.43478260869565216,0.5,-1,0,0,0,0,0,0
1,3,0,0,1,0,1,3,3.0,1.0,2.0,11.0,0.0,1.0,107.0,8.0,-118.0,0.44285714285714284,0.5,1,0,0,0,0,0,0
0,1,0,0,0,1,0,0,6.0,2.0,1.0,8.0,1.0,3.0,89.0,-6.0,-1514.0,0.4507042253521127,0.0,2,0,0,0,0,0,0
0,2,0,0,0,0,0,2,3.0,0.0,1.0,5.0,0.0,1.0,114.0,3.0,261.0,0.4444444444444444,1.0,-1,0,0,0,0,0,0
1,3,0,0,0,0,0,3,7.0,2.0,0.0,8.0,0.0,3.0,100.0,-12.0,456.0,0.4383561643835616,0.5,-2,0,0,0,0,0,0
1,0,1,0,0,1,0,2,4.0,2.0,3.0,7.0,1.0,2.0,98.0,12.0,955.0,0.44594594594594594,0.5,1,0,0,0,1,0,0
1,0,0,1,0,1,1,3,6.0,4.0,1.0,3.0,0.0,1.0,87.0,-16.0,-411.0,0.4533333333333333,1.0,2,0,0,0,1,0,0
1,6,0,1,1,0,1,3,3.0,2.0,2.0,6.0,1.0,1.0,113.0,-8.0,1444.0,0.4605263157894737,0.5,3,1,0,0,0,0,0
1,5,0,1,1,0,1,1,4.0,5.0,2.0,6.0,1.0,2.0,98.0,15.0,677.0,0.4675324675324675,0.5,4,0,0,0,0,0,0
0,0,0,0,0,0,0,0,1.0,2.0,3.0,6.0,0.0,2.0,101.0,-33.0,-1260.0,0.47435897435897434,0.5,5,0,0,0,0,0,0
1,3,0,0,1,0,1,3,2.0,3.0,1.0,6.0,2.0,1.0,116.0,12.0,564.0,0.46835443037974683,0.5,-1,0,0,0,0,0,0
0,0,0,1,0,0,1,3,1.0,3.0,0.0,4.0,0.0,1.0,82.0,-35.0,-653.0,0.475,1.0,1,0,0,0,0,0,0
0,1,0,1,0,0,1,3,1.0,5.0,1.0,2.0,1.0,0.0,75.0,-44.0,-1718.0,0.4691358024691358,1.0,-1,0,0,0,0,0,0
1,0,0,1,0,0,0,0,3.0,5.0,0.0,6.0,1.0,1.0,84.0,-13.0,-1002.0,0.4634146341463415,0.5,-2,0,1,0,0,0,0
0,0,0,0,0,1,0,3,1.0,5.0,5.0,1.0,2.0,0.0,121.0,15.0,-140.0,0.46987951807228917,1.0,1,0,1,0,0,0,0
0,2,0,0,1,0,0,1,4.0,1.0,1.0,5.0,2.0,4.0,116.0,13.0,-307.0,0.4642857142857143,0.5,-1,0,1,0,0,0,0
1,4,0,0,1,1,1,0,0.0,1.0,2.0,3.0,1.0,1.0,104.0,2.0,-199.0,0.4588235294117647,0.5,-2,0,1,0,0,0,0
0,1,0,1,0,1,0,2,2.0,2.0,5.0,3.0,3.0,1.0,85.0,3.0,-328.0,0.46511627906976744,0.5333333333333333,1,0,1,0,0,0,0
0,2,0,1,1,0,0,3,1.0,5.0,0.0,4.0,1.0,1.0,76.0,-11.0,-676.0,0.45977011494252873,0.5,-1,0,1,0,0,0,0
1,7,0,1,1,1,0,3,5.0,1.0,0.0,5.0,1.0,1.0,113.0,23.0,1940.0,0.45454545454545453,0.47058823529411764,-2,0,0,0,1,0,0
0,4,0,0,0,0,0,0,0.0,3.0,0.0,4.0,0.0,0.0,104.0,10.0,-557.0,0.4606741573033708,0.5,1,0,0,0,1,0,0
0,1,0,1,0,0,0,1,1.0,2.0,2.0,5.0,0.0,0.0,110.0,-22.0,-1318.0,0.45555555555555555,0.47368421052631576,-1,0,0,0,1,0,0
1,0,0,0,1,0,1,1,5.0,2.0,2.0,5.0,0.0,0.0,103.0,34.0,2221.0,0.45054945054945056,0.25,-2,0,0,0,1,0,0
0,1,0,1,0,1,1,3,1.0,2.0,0.0,3.0,0.0,1.0,107.0,-6.0,47.0,0.45652173913043476,0.4,1,0,0,0,1,0,0
0,0,0,1,0,1,1,3,1.0,1.0,0.0,4.0,0.0,1.0,97.0,-7.0,-266.0,0.45161290322580644,0.3333333333333333,-1,0,0,0,1,0,0
0,1,0,0,0,0,0,0,0.0,1.0,0.0,7.0,0.0,3.0,94.0,-20.0,-638.0,0.44680851063829785,0.2857142857142857,-2,0,0,0,1,0,0
1,4,0,0,1,0,1,3,3.0,2.0,7.0,2.0,4.0,2.0,97.0,23.0,1464.0,0.4421052631578947,0.45,-3,0,1,0,0,0,0
1,4,0,1,1,0,1,3,4.0,2.0,3.0,3.0,3.0,3.0,94.0,6.0,639.0,0.4479166666666667,0.47619047619047616,1,0,1,0,0,0,0
1,3,0,1,1,0,1,3,4.0,3.0,3.0,2.0,1.0,2.0,76.0,-29.0,-640.0,0.4536082474226804,0.5,2,0,1,0,0,0,0
0,0,0,0,0,1,0,0,0.0,2.0,2.0,1.0,1.0,1.0,52.0,-33.0,-2497.0,0.45918367346938777,0.5217391304347826,3,1,1,0,0,0,0
1,2,0,1,1,0,1,3,2.0,1.0,4.0,3.0,1.0,3.0,95.0,18.0,1354.0,0.45454545454545453,0.5,-1,0,1,0,0,0,0
0,0,0,0,0,1,0,1,3.0,3.0,2.0,3.0,1.0,3.0,81.0,3.0,-467.0,0.46,1.0,1,0,1,0,0,0,0
1,2,0,0,1,0,1,2,6.0,4.0,2.0,2.0,2.0,2.0,80.0,-15.0,-558.0,0.45544554455445546,0.5,-1,0,1,0,0,0,0
1,0,0,1,1,0,1,3,0.0,2.0,3.0,1.0,1.0,1.0,92.0,-4.0,-736.0,0.46078431372549017,0.6666666666666666,1,0,1,0,0,0,0
0,0,0,0,0,1,0,1,1.0,3.0,4.0,2.0,1.0,2.0,73.0,-18.0,-803.0,0.46601941747572817,0.5,2,0,1,0,0,0,0
0,2,0,1,1,0,0,2,3.0,5.0,2.0,6.0,0.0,2.0,69.0,-36.0,-1997.0,0.46153846153846156,1.0,-1,0,0,0,1,0,0
0,1,0,0,0,0,0,3,4.0,4.0,0.0,3.0,0.0,0.0,103.0,-24.0,-1042.0,0.45714285714285713,0.5,-2,0,0,0,1,0,0
1,2,1,1,1,0,1,0,3.0,2.0,4.0,6.0,1.0,2.0,99.0,-16.0,713.0,0.4528301886792453,0.5,-3,0,0,1,0,0,0
1,4,2,0,1,1,0,3,4.0,0.0,2.0,6.0,1.0,1.0,117.0,11.0,1995.0,0.45794392523364486,1.0,1,0,0,1,0,0,0
1,0,2,1,0,0,1,3,6.0,2.0,2.0,5.0,1.0,2.0,94.0,-6.0,-184.0,0.46296296296296297,0.0,2,0,0,1,0,0,0
0,0,0,0,0,0,0,0,3.0,5.0,1.0,6.0,2.0,1.0,89.0,-10.0,-1963.0,0.46788990825688076,1.0,3,1,0,1,0,0,0
1,1,0,1,1,1,1,2,2.0,3.0,2.0,6.0,1.0,1.0,105.0,4.0,927.0,0.4636363636363636,0.0,-1,0,0,0,0,0,0
1,2,0,0,1,0,1,3,1.0,1.0,2.0,7.0,0.0,2.0,86.0,-31.0,59.0,0.46846846846846846,0.5,1,0,0,1,0,0,0
0,0,0,0,0,1,0,0,1.0,3.0,2.0,7.0,1.0,3.0,113.0,18.0,240.0,0.4732142857142857,0.6666666666666666,2,0,0,1,0,0,0
1,2,0,1,1,0,1,3,4.0,0.0,1.0,7.0,1.0,2.0,102.0,-5.0,224.0,0.4690265486725664,0.6666666666666666,-1,0,0,1,0,0,0
1,0,0,1,0,0,1,1,0.0,2.0,2.0,5.0,1.0,0.0,82.0,-8.0,-228.0,0.47368421052631576,0.75,1,0,0,1,0,0,0
0,1,0,0,1,1,1,1,1.0,5.0,6.0,6.0,0.0,2.0,94.0,18.0,276.0,0.4782608695652174,0.5,2,0,0,1,0,0,0
1,1,0,0,1,0,1,3,2.0,4.0,1.0,3.0,1.0,0.0,95.0,-3.0,-682.0,0.47413793103448276,0.5,-1,0,0,1,0,0,0
0,1,0,0,0,1,0,0,2.0,3.0,3.0,6.0,0.0,1.0,99.0,1.0,-137.0,0.47863247863247865,0.5,1,0,0,1,0,0,0
1,1,0,0,1,1,0,3,1.0,1.0,4.0,6.0,2.0,1.0,116.0,7.0,251.0,0.4745762711864407,0.5,-1,0,0,1,0,0,0
0,1,0,1,0,1,1,0,2.0,1.0,2.0,6.0,1.0,2.0,108.0,-13.0,-1554.0,0.4789915966386555,0.5,1,0,0,1,0,0,0
0,0,0,0,1,0,1,3,0.0,1.0,3.0,9.0,6.0,1.0,27.0,7.0,355.0,0.475,0.5,-1,0,0,0,0,1,0
1,2,0,0,1,1,1,1,4.0,1.0,2.0,5.0,1.0,1.0,99.0,0.0,550.0,0.47107438016528924,0.8,-2,0,0,1,0,0,0
1,0,2,1,0,0,1,3,2.0,2.0,4.0,7.0,0.0,2.0,92.0,-14.0,-528.0,0.47540983606557374,0.8333333333333334,1,0,0,1,0,0,0
1,1,0,1,1,1,1,0,1.0,3.0,3.0,3.0,2.0,1.0,103.0,-3.0,-756.0,0.4796747967479675,0.48,2,0,1,0,0,0,0
0,3,0,1,0,0,1,1,3.0,0.0,3.0,2.0,0.0,2.0,88.0,-3.0,702.0,0.4838709677419355,0.5,3,1,1,0,0,0,0
1,0,0,0,0,1,0,0,2.0,4.0,0.0,4.0,0.0,2.0,73.0,-42.0,-1163.0,0.48,0.8571428571428571,-1,0,0,1,0,0,0
0,0,2,0,0,0,0,0,5.0,2.0,1.0,7.0,1.0,2.0,91.0,-18.0,-1285.0,0.48412698412698413,0.875,1,0,0,1,0,0,0
0,0,0,1,0,0,0,1,2.0,0.0,5.0,7.0,2.0,2.0,102.0,-3.0,-205.0,0.48031496062992124,0.7777777777777778,-1,0,0,1,0,0,0
1,0,0,1,1,1,1,3,3.0,1.0,5.0,3.0,1.0,3.0,87.0,-3.0,51.0,0.4765625,0.48148148148148145,-2,0,1,0,0,0,0
1,0,0,0,1,0,1,0,4.0,3.0,2.0,2.0,3.0,2.0,86.0,-4.0,-601.0,0.4806201550387597,0.5,1,0,1,0,0,0,0
1,5,0,0,1,1,1,2,1.0,1.0,3.0,2.0,3.0,2.0,92.0,1.0,-83.0,0.4846153846153846,0.5172413793103449,2,0,1,0,0,0,0
0,0,0,1,0,0,1,0,0.0,3.0,1.0,1.0,0.0,1.0,89.0,-5.0,-952.0,0.48854961832061067,0.5333333333333333,3,1,1,0,0,0,0
1,4,0,1,1,1,0,0,2.0,2.0,2.0,1.0,4.0,1.0,86.0,-13.0,-864.0,0.48484848484848486,0.5161290322580645,-1,0,1,0,0,0,0
1,4,0,0,1,1,1,0,2.0,1.0,4.0,3.0,3.0,3.0,81.0,-15.0,-713.0,0.48872180451127817,0.53125,1,0,1,0,0,0,0
1,1,0,0,1,1,1,3,4.0,2.0,0.0,5.0,1.0,1.0,85.0,-32.0,254.0,0.49295774647887325,0.6,2,0,0,0,0,0,0
0,0,0,0,1,1,0,3,4.0,3.0,1.0,4.0,1.0,0.0,95.0,-28.0,-596.0,0.47953216374269003,0.5,3,1,0,0,0,0,0
1,0,0,0,0,0,0,3,0.0,3.0,2.0,8.0,0.0,1.0,21.0,-5.0,-1123.0,0.48322147651006714,0.5,-1,0,0,0,0,1,0
1,0,0,1,1,0,1,3,0.0,2.0,7.0,11.0,1.0,3.0,21.0,-2.0,-885.0,0.48494983277591974,0.5161290322580645,1,0,0,0,0,1,0
0,0,0,0,0,1,0,0,3.0,1.0,6.0,7.0,3.0,2.0,21.0,2.0,-44.0,0.4866666666666667,0.53125,2,0,0,0,0,1,0
0,0,0,0,0,1,0,0,0.0,3.0,10.0,9.0,2.0,3.0,12.0,-6.0,157.0,0.4850498338870432,0.5151515151515151,-1,0,0,0,0,1,0
0,0,0,0,1,0,0,1,0.0,3.0,1.0,7.0,0.0,0.0,120.0,19.0,-4.0,0.48344370860927155,0.0,-2,0,0,0,1,0,0
1,0,0,0,1,1,1,0,2.0,2.0,3.0,8.0,2.0,0.0,27.0,1.0,277.0,0.48184818481848185,1.0,-3,0,0,0,0,1,0
0,0,0,0,0,1,0,3,1.0,2.0,2.0,8.0,2.0,0.0,23.0,-6.0,682.0,0.48355263157894735,1.0,1,0,0,0,0,1,0
0,0,0,0,1,0,0,3,1.0,1.0,2.0,10.0,0.0,2.0,16.0,-9.0,-247.0,0.4819672131147541,0.5,-1,0,0,0,0,1,0
0,0,0,0,0,0,0,3,2.0,7.0,3.0,5.0,1.0,1.0,8.0,-17.0,-2195.0,0.4803921568627451,0.6666666666666666,-2,0,0,0,0,1,0
1,1,0,0,1,1,1,0,2.0,1.0,2.0,9.0,5.0,1.0,26.0,13.0,305.0,0.4788273615635179,0.5,-3,0,0,0,0,1,0
1,5,0,1,1,1,1,3,6.0,2.0,3.0,7.0,5.0,1.0,39.0,21.0,1093.0,0.4805194805194805,1.0,1,0,0,0,0,1,0
1,0,0,1,0,0,1,3,4.0,6.0,4.0,8.0,1.0,2.0,11.0,-8.0,-553.0,0.48220064724919093,1.0,2,0,0,0,0,1,0
0,0,0,0,0,0,0,3,1.0,4.0,3.0,11.0,2.0,3.0,15.0,-8.0,-1357.0,0.4838709677419355,1.0,3,1,0,0,0,1,0
1,4,0,1,0,1,1,3,3.0,4.0,6.0,12.0,6.0,4.0,18.0,-6.0,-558.0,0.48231511254019294,0.75,-1,0,0,0,0,1,0
1,2,1,0,1,0,1,3,4.0,3.0,1.0,11.0,0.0,2.0,18.0,-5.0,-603.0,0.483974358974359,0.8,1,0,0,0,0,1,0
1,1,0,0,0,0,1,2,1.0,1.0,3.0,13.0,2.0,3.0,28.0,13.0,966.0,0.48562300319488816,0.8333333333333334,2,0,0,0,0,1,0
1,1,2,0,1,0,1,3,6.0,2.0,3.0,11.0,1.0,3.0,16.0,-3.0,1460.0,0.4872611464968153,0.8571428571428571,3,1,0,0,0,1,0
1,2,0,1,1,1,1,0,4.0,4.0,5.0,10.0,6.0,3.0,27.0,3.0,369.0,0.4888888888888889,0.875,4,0,0,0,0,1,0
0,0,1,1,1,0,0,0,3.0,3.0,3.0,13.0,2.0,2.0,19.0,3.0,-314.0,0.49050632911392406,0.8888888888888888,5,0,0,0,0,1,0
1,2,1,0,1,0,1,3,4.0,3.0,5.0,13.0,1.0,1.0,21.0,-16.0,-1938.0,0.4889589905362776,0.8,-1,0,0,0,0,1,0
1,2,0,1,1,1,0,2,0.0,1.0,8.0,8.0,2.0,3.0,18.0,-2.0,702.0,0.49056603773584906,0.4857142857142857,1,0,0,0,0,1,0
0,3,1,1,0,1,0,0,4.0,3.0,5.0,11.0,4.0,3.0,22.0,-7.0,15.0,0.49216300940438873,0.8181818181818182,2,0,0,0,0,1,0
1,0,1,0,1,1,1,3,3.0,5.0,5.0,12.0,0.0,3.0,15.0,-12.0,-475.0,0.490625,0.75,-1,0,0,0,0,1,0
0,1,0,0,1,1,1,0,0.0,2.0,7.0,12.0,2.0,2.0,11.0,1.0,377.0,0.49221183800623053,0.7692307692307693,1,0,0,0,0,1,0
0,0,1,0,0,0,0,0,2.0,2.0,1.0,9.0,5.0,1.0,22.0,-1.0,-1484.0,0.4906832298136646,0.7142857142857143,-1,0,0,0,0,1,0
1,0,0,1,1,1,1,0,1.0,2.0,7.0,13.0,8.0,3.0,22.0,11.0,-720.0,0.4891640866873065,0.6666666666666666,-2,0,0,0,0,1,0
0,1,0,0,1,0,0,3,3.0,5.0,6.0,13.0,1.0,2.0,18.0,-11.0,18.0,0.49074074074074076,0.6875,1,0,0,0,0,1,0
1,1,0,1,1,1,0,3,2.0,2.0,6.0,8.0,1.0,2.0,18.0,-1.0,-10.0,0.48923076923076925,0.6470588235294118,-1,0,0,0,0,1,0
0,1,0,1,0,0,0,0,2.0,4.0,3.0,10.0,3.0,1.0,23.0,10.0,732.0,0.49079754601226994,0.6666666666666666,1,0,0,0,0,1,0
0,0,0,1,1,0,1,3,3.0,3.0,4.0,13.0,3.0,3.0,15.0,1.0,164.0,0.4892966360856269,0.631578947368421,-1,0,0,0,0,1,0
1,4,0,0,1,1,1,2,0.0,0.0,8.0,11.0,4.0,2.0,19.0,-10.0,63.0,0.4878048780487805,0.5,-2,0,0,0,0,1,0
1,0,0,0,0,1,0,3,2.0,2.0,5.0,9.0,5.0,1.0,25.0,8.0,-676.0,0.48936170212765956,0.5135135135135135,1,0,0,0,0,1,0
1,0,1,1,1,1,0,0,2.0,2.0,6.0,14.0,2.0,2.0,15.0,-15.0,-722.0,0.4909090909090909,0.5263157894736842,2,0,0,0,0,1,0
0,2,0,1,0,1,0,1,3.0,6.0,4.0,14.0,0.0,3.0,9.0,-3.0,251.0,0.49244712990936557,0.5384615384615384,3,1,0,0,0,1,0
1,0,1,1,1,1,1,1,3.0,1.0,12.0,11.0,2.0,2.0,15.0,1.0,885.0,0.49096385542168675,0.525,-1,0,0,0,0,1,0
1,1,0,1,0,0,1,0,1.0,1.0,6.0,7.0,4.0,2.0,25.0,7.0,449.0,0.4924924924924925,0.5365853658536586,1,0,0,0,0,1,0
0,2,0,0,1,0,0,0,0.0,4.0,3.0,11.0,1.0,3.0,23.0,3.0,-303.0,0.4940119760479042,0.5476190476190477,2,0,0,0,0,1,0
1,2,0,1,0,0,1,0,1.0,2.0,6.0,13.0,3.0,3.0,27.0,17.0,1056.0,0.4925373134328358,0.5348837209302325,-1,0,0,0,0,1,0
0,1,1,1,0,0,0,3,1.0,1.0,5.0,12.0,4.0,3.0,20.0,4.0,-415.0,0.49404761904761907,0.5454545454545454,1,0,0,0,0,1,0
0,0,0,0,1,1,0,0,2.0,1.0,3.0,11.0,2.0,2.0,22.0,3.0,521.0,0.49258160237388726,0.5333333333333333,-1,0,0,0,0,1,0
1,0,1,1,1,0,1,3,3.0,2.0,6.0,10.0,4.0,3.0,20.0,5.0,648.0,0.4911242603550296,0.6,-2,0,0,0,0,1,0
1,0,0,0,1,0,0,3,2.0,3.0,6.0,12.0,0.0,1.0,14.0,-9.0,-827.0,0.49262536873156343,0.5217391304347826,1,0,0,0,0,1,0
0,1,1,0,1,1,1,3,3.0,2.0,5.0,8.0,0.0,0.0,16.0,-2.0,1004.0,0.49411764705882355,0.6190476190476191,2,0,0,0,0,1,0
1,0,0,1,1,1,0,3,0.0,4.0,5.0,10.0,3.0,2.0,26.0,13.0,-746.0,0.49266862170087977,0.5909090909090909,-1,0,0,0,0,1,0
0,2,1,1,1,1,1,3,3.0,1.0,7.0,10.0,3.0,2.0,18.0,1.0,1814.0,0.49415204678362573,0.6086956521739131,1,0,0,0,0,1,0
1,2,0,1,1,1,1,3,2.0,2.0,7.0,4.0,6.0,1.0,24.0,4.0,125.0,0.49271137026239065,0.5833333333333334,-1,0,0,0,0,1,0
0,1,1,1,1,0,1,3,3.0,1.0,3.0,10.0,1.0,1.0,20.0,-1.0,235.0,0.4941860465116279,0.6,1,0,0,0,0,1,0
1,3,0,1,1,1,0,2,0.0,1.0,8.0,9.0,2.0,2.0,18.0,-14.0,-183.0,0.4927536231884058,0.5319148936170213,-1,0,0,0,0,1,0
0,1,2,0,0,1,1,1,3.0,1.0,3.0,9.0,4.0,0.0,22.0,0.0,-72.0,0.49421965317919075,0.5769230769230769,1,0,0,0,0,1,0
0,0,0,1,1,1,1,0,2.0,2.0,3.0,8.0,1.0,0.0,23.0,6.0,901.0,0.49279538904899134,0.5416666666666666,-1,0,0,0,0,1,0
0,0,0,0,1,1,1,3,0.0,0.0,5.0,10.0,1.0,1.0,20.0,1.0,1182.0,0.49137931034482757,0.5555555555555556,-2,0,0,0,0,1,0
0,0,0,1,1,1,0,3,1.0,2.0,5.0,1.0,0.0,1.0,67.0,-31.0,-2127.0,0.4899713467048711,0.5918367346938775,-3,0,1,0,0,0,0
0,1,0,0,0,0,0,2,1.0,6.0,4.0,8.0,0.0,2.0,25.0,7.0,-1881.0,0.48857142857142855,0.5306122448979592,-4,0,0,0,0,1,0
0,0,0,1,0,1,0,2,0.0,4.0,3.0,6.0,2.0,1.0,94.0,-45.0,-1518.0,0.48717948717948717,0.4,-5,0,0,1,0,0,0
0,1,2,1,0,0,0,0,4.0,2.0,3.0,8.0,1.0,3.0,88.0,-44.0,-1339.0,0.48579545454545453,0.7,-6,0,0,1,0,0,0
1,0,1,1,0,1,1,0,2.0,1.0,3.0,6.0,0.0,1.0,103.0,-6.0,27.0,0.48441926345609065,0.3333333333333333,-7,0,0,1,0,0,0
1,0,1,1,1,0,1,3,1.0,0.0,0.0,6.0,0.0,1.0,103.0,-25.0,37.0,0.4858757062146893,0.42857142857142855,1,0,0,1,0,0,0
1,7,1,1,1,0,1,3,9.0,4.0,3.0,11.0,3.0,1.0,24.0,-10.0,384.0,0.48732394366197185,0.5357142857142857,2,0,0,0,0,1,0
0,0,0,0,0,0,1,0,3.0,1.0,0.0,5.0,0.0,1.0,122.0,14.0,197.0,0.4887640449438202,0.5,3,1,0,1,0,0,0
0,1,0,0,0,0,0,2,2.0,4.0,4.0,10.0,2.0,0.0,23.0,2.0,-237.0,0.48739495798319327,0.5517241379310345,-1,0,0,0,0,1,0
1,0,0,0,0,1,1,1,0.0,1.0,3.0,5.0,1.0,1.0,105.0,-18.0,-366.0,0.4860335195530726,0.4444444444444444,-2,0,0,1,0,0,0
0,0,0,1,1,0,0,3,5.0,1.0,6.0,12.0,3.0,2.0,21.0,3.0,1209.0,0.48746518105849584,0.5333333333333333,1,0,0,0,0,1,0
0,3,0,1,1,0,1,2,4.0,1.0,1.0,7.0,0.0,3.0,110.0,14.0,784.0,0.4861111111111111,0.5,-1,0,0,1,0,0,0
1,0,0,1,1,0,0,3,2.0,2.0,0.0,6.0,1.0,1.0,116.0,-14.0,-566.0,0.48476454293628807,0.45454545454545453,-2,0,0,1,0,0,0
1,0,0,1,1,1,0,2,0.0,2.0,6.0,6.0,0.0,2.0,104.0,21.0,863.0,0.4861878453038674,0.5,1,0,0,1,0,0,0
0,2,0,0,0,0,0,1,3.0,2.0,3.0,6.0,1.0,2.0,105.0,8.0,722.0,0.48760330578512395,0.5384615384615384,2,0,0,1,0,0,0
1,3,0,1,0,0,0,0,1.0,2.0,1.0,5.0,1.0,1.0,118.0,9.0,-132.0,0.48626373626373626,0.5,-1,0,0,1,0,0,0
1,2,0,0,1,1,0,3,2.0,3.0,3.0,5.0,0.0,1.0,81.0,-35.0,-902.0,0.4876712328767123,0.6363636363636364,1,0,0,1,0,0,0
0,2,1,1,1,1,0,1,4.0,0.0,4.0,7.0,1.0,1.0,89.0,-2.0,555.0,0.4890710382513661,0.6666666666666666,2,0,0,1,0,0,0
0,0,0,1,0,0,0,0,1.0,3.0,2.0,4.0,0.0,1.0,86.0,-41.0,-1468.0,0.4877384196185286,0.6153846153846154,-1,0,0,1,0,0,0
1,0,0,0,0,1,1,3,5.0,2.0,2.0,5.0,1.0,2.0,113.0,-9.0,348.0,0.48641304347826086,0.5333333333333333,-2,0,0,1,0,0,0
0,0,0,0,0,0,0,0,0.0,4.0,0.0,4.0,1.0,0.0,79.0,-67.0,-2723.0,0.4878048780487805,0.5625,1,0,0,1,0,0,0
1,1,1,1,1,0,0,1,3.0,2.0,1.0,5.0,0.0,1.0,109.0,13.0,1170.0,0.4864864864864865,0.5294117647058824,-1,0,0,1,0,0,0
0,0,0,0,0,1,0,1,0.0,6.0,3.0,4.0,1.0,1.0,16.0,0.0,-1422.0,0.48787061994609165,0.5161290322580645,1,0,0,0,0,1,0
0,0,0,1,0,1,1,0,0.0,3.0,0.0,4.0,0.0,1.0,80.0,-24.0,-683.0,0.48655913978494625,0.5714285714285714,-1,0,0,1,0,0,0
1,4,0,0,1,0,0,0,3.0,1.0,0.0,7.0,0.0,2.0,137.0,47.0,1572.0,0.48525469168900803,0.5,-2,0,0,1,0,0,0
1,2,0,0,1,0,1,3,3.0,0.0,1.0,3.0,0.0,0.0,120.0,-7.0,1019.0,0.48663101604278075,0.5,1,0,0,1,0,0,0
1,4,0,1,1,0,1,3,2.0,2.0,1.0,5.0,0.0,2.0,120.0,26.0,602.0,0.488,1.0,2,0,0,1,0,0,0
1,1,0,0,0,0,0,2,1.0,4.0,1.0,8.0,0.0,2.0,128.0,20.0,-559.0,0.48936170212765956,1.0,3,1,0,1,0,0,0
1,2,0,1,1,1,1,3,1.0,1.0,6.0,9.0,1.0,2.0,24.0,1.0,333.0,0.4907161803713528,0.5,4,0,0,0,0,1,0
0,0,0,0,0,0,0,1,0.0,2.0,4.0,9.0,3.0,2.0,17.0,7.0,-54.0,0.49206349206349204,0.5,5,0,0,0,0,1,0
1,2,0,0,1,0,0,3,1.0,3.0,6.0,6.0,1.0,2.0,104.0,31.0,1230.0,0.49076517150395776,1.0,-1,0,0,1,0,0,0
0,1,0,1,0,1,0,0,2.0,3.0,7.0,6.0,4.0,2.0,24.0,-3.0,333.0,0.4921052631578947,0.5,1,0,0,0,0,1,0
0,2,1,0,0,1,0,0,2.0,1.0,3.0,6.0,2.0,1.0,117.0,-20.0,-89.0,0.49081364829396323,1.0,-1,0,0,1,0,0,0
0,3,0,0,1,0,1,3,2.0,0.0,1.0,6.0,2.0,2.0,128.0,-9.0,-545.0,0.4895287958115183,0.8,-2,0,0,1,0,0,0
1,5,2,0,1,1,1,2,5.0,1.0,0.0,7.0,2.0,2.0,126.0,59.0,2207.0,0.48825065274151436,0.6666666666666666,-3,0,0,1,0,0,0
1,0,0,0,0,0,1,3,1.0,0.0,2.0,5.0,4.0,1.0,126.0,26.0,651.0,0.4895833333333333,0.7142857142857143,1,0,0,1,0,0,0
0,1,0,1,1,1,0,2,2.0,1.0,2.0,1.0,0.0,0.0,122.0,-4.0,924.0,0.4909090909090909,0.75,2,0,0,1,0,0,0
1,2,0,1,0,1,1,3,1.0,1.0,2.0,9.0,0.0,1.0,25.0,-7.0,-794.0,0.4896373056994819,0.52,-1,0,0,0,0,1,0
0,0,0,1,1,0,1,3,3.0,3.0,2.0,5.0,2.0,1.0,108.0,0.0,-441.0,0.4909560723514212,0.5555555555555556,1,0,0,1,0,0,0
0,2,0,0,1,0,0,1,2.0,4.0,2.0,6.0,2.0,2.0,117.0,-4.0,-582.0,0.4896907216494845,0.6666666666666666,-1,0,0,1,0,0,0
1,2,0,1,0,1,1,3,0.0,1.0,3.0,3.0,0.0,1.0,139.0,20.0,901.0,0.4884318766066838,0.6,-2,0,0,1,0,0,0
0,2,0,0,0,1,0,0,3.0,3.0,4.0,7.0,3.0,1.0,88.0,5.0,-103.0,0.4897435897435897,0.6363636363636364,1,0,0,1,0,0,0
0,5,0,0,1,1,0,0,0.0,1.0,3.0,8.0,2.0,2.0,24.0,1.0,630.0,0.4884910485933504,1.0,-1,0,0,0,0,1,0
0,0,0,1,0,0,0,0,1.0,1.0,2.0,6.0,0.0,2.0,133.0,18.0,591.0,0.4872448979591837,0.5833333333333334,-2,0,0,1,0,0,0
1,1,0,1,1,1,1,2,1.0,1.0,2.0,7.0,2.0,2.0,114.0,-1.0,364.0,0.4860050890585242,0.5263157894736842,-3,0,0,1,0,0,0
0,0,0,0,0,1,0,3,2.0,4.0,1.0,5.0,0.0,2.0,106.0,-15.0,-1211.0,0.4873096446700508,0.55,1,0,0,1,0,0,0
0,2,2,1,1,1,0,0,3.0,2.0,7.0,5.0,1.0,1.0,118.0,16.0,-978.0,0.4860759493670886,0.5384615384615384,-1,0,0,1,0,0,0
1,1,0,0,1,1,0,0,2.0,4.0,1.0,5.0,0.0,1.0,94.0,3.0,-854.0,0.48484848484848486,0.5,-2,0,0,0,0,0,0
1,0,0,0,1,0,1,3,0.0,0.0,1.0,5.0,0.0,1.0,118.0,-5.0,426.0,0.48614609571788414,1.0,1,0,0,0,0,0,0
0,0,0,0,1,1,1,1,2.0,3.0,1.0,3.0,1.0,0.0,102.0,-23.0,618.0,0.48743718592964824,1.0,2,0,0,0,0,0,0
0,0,0,1,0,1,0,0,1.0,1.0,2.0,5.0,1.0,1.0,118.0,11.0,752.0,0.48621553884711777,0.6666666666666666,-1,0,0,0,0,0,0
1,2,0,1,0,0,0,3,0.0,4.0,1.0,1.0,0.0,0.0,109.0,-13.0,-683.0,0.485,0.5,-2,0,0,0,0,0,0
0,3,0,0,1,0,0,3,2.0,1.0,1.0,5.0,0.0,1.0,112.0,1.0,-17.0,0.486284289276808,0.6,1,0,0,0,0,0,0
0,0,0,1,0,0,0,0,3.0,3.0,1.0,5.0,0.0,1.0,103.0,-8.0,398.0,0.48507462686567165,0.5,-1,0,0,0,0,0,0
1,0,0,1,1,1,1,3,1.0,1.0,1.0,3.0,2.0,1.0,106.0,-16.0,-159.0,0.4838709677419355,0.5,-2,0,0,1,0,0,0
1,0,0,0,1,1,1,3,4.0,2.0,2.0,5.0,0.0,2.0,100.0,-17.0,92.0,0.48514851485148514,0.42857142857142855,1,0,0,0,0,0,0
1,2,1,0,0,1,1,1,4.0,3.0,1.0,8.0,1.0,2.0,93.0,-20.0,-851.0,0.48641975308641977,0.5238095238095238,2,0,0,1,0,0,0
1,2,0,0,0,1,0,2,4.0,1.0,1.0,7.0,3.0,2.0,121.0,44.0,1182.0,0.4876847290640394,0.5,3,1,0,0,0,0,0
1,1,0,1,1,1,1,3,2.0,4.0,1.0,6.0,1.0,1.0,100.0,-18.0,-195.0,0.48894348894348894,0.5555555555555556,4,0,0,0,0,0,0
0,1,0,0,0,1,0,3,4.0,2.0,1.0,6.0,1.0,2.0,88.0,-17.0,-344.0,0.49019607843137253,0.6,5,0,0,0,0,0,0
1,3,0,1,1,1,1,0,2.0,1.0,4.0,5.0,0.0,2.0,115.0,9.0,355.0,0.4889975550122249,0.5454545454545454,-1,0,0,0,0,0,0
0,5,0,1,1,0,1,2,5.0,2.0,1.0,1.0,0.0,0.0,102.0,-8.0,120.0,0.4902439024390244,0.5217391304347826,1,0,0,0,0,0,0
0,1,0,1,0,0,0,2,0.0,3.0,1.0,4.0,0.0,0.0,102.0,13.0,-280.0,0.48905109489051096,0.5454545454545454,-1,0,0,1,0,0,0
0,0,0,0,1,1,1,0,0.0,1.0,0.0,1.0,1.0,0.0,76.0,-46.0,-914.0,0.4878640776699029,0.5,-2,0,0,0,0,0,0
0,1,0,0,1,0,0,1,3.0,3.0,2.0,4.0,0.0,0.0,84.0,-25.0,-1081.0,0.48668280871670705,0.5833333333333334,-3,0,0,0,0,0,0
1,0,0,1,0,1,1,0,2.0,3.0,5.0,11.0,4.0,2.0,28.0,10.0,-485.0,0.4855072463768116,0.5294117647058824,-4,0,0,0,0,1,0
0,1,0,0,0,0,0,0,0.0,2.0,3.0,7.0,0.0,1.0,12.0,-2.0,-269.0,0.4867469879518072,0.0,1,0,0,0,0,1,0
0,3,0,0,0,0,0,2,2.0,1.0,1.0,5.0,2.0,1.0,107.0,14.0,-93.0,0.4855769230769231,0.5384615384615384,-1,0,0,0,0,0,0
0,0,0,0,0,0,0,0,0.0,3.0,6.0,10.0,2.0,2.0,24.0,12.0,-574.0,0.4844124700239808,0.5384615384615384,-2,0,0,0,0,1,0
0,1,0,1,1,0,1,3,0.0,1.0,4.0,6.0,2.0,1.0,19.0,-9.0,397.0,0.48325358851674644,0.5,-3,0,0,0,0,1,0
0,0,0,1,0,0,1,3,0.0,1.0,3.0,6.0,2.0,1.0,14.0,-1.0,-813.0,0.4821002386634845,0.0,-4,0,0,0,0,1,0
1,0,0,1,0,0,0,3,1.0,0.0,1.0,4.0,0.0,1.0,90.0,-39.0,-967.0,0.48095238095238096,0.25,-5,0,0,0,0,0,0
0,1,1,0,1,0,0,0,3.0,2.0,5.0,5.0,0.0,1.0,94.0,-3.0,-844.0,0.4821852731591449,0.3333333333333333,1,0,0,0,0,0,0
1,4,0,0,1,1,1,0,3.0,0.0,0.0,3.0,1.0,0.0,126.0,17.0,333.0,0.48104265402843605,0.3,-1,0,0,0,0,0,0
1,0,0,0,0,1,1,0,0.0,3.0,2.0,3.0,0.0,0.0,96.0,-29.0,-96.0,0.48226950354609927,0.47619047619047616,1,0,0,0,0,0,0
1,0,0,0,0,1,0,1,2.0,0.0,1.0,5.0,1.0,1.0,120.0,6.0,1023.0,0.4834905660377358,0.36363636363636365,2,0,0,0,0,0,0
1,2,0,1,1,1,1,0,6.0,2.0,2.0,5.0,0.0,1.0,91.0,-9.0,642.0,0.48470588235294115,0.4166666666666667,3,1,0,0,0,0,0
0,3,0,0,1,1,0,0,2.0,1.0,0.0,5.0,0.0,1.0,123.0,-9.0,-395.0,0.4859154929577465,0.46153846153846156,4,0,0,0,0,0,0
1,3,0,0,0,1,1,1,6.0,3.0,3.0,6.0,0.0,1.0,101.0,11.0,1474.0,0.4847775175644028,0.42857142857142855,-1,0,0,0,0,0,0
1,2,0,1,1,1,1,0,3.0,1.0,1.0,3.0,0.0,1.0,122.0,44.0,1837.0,0.48598130841121495,0.4666666666666667,1,0,0,0,0,0,0
0,0,1,0,1,0,0,3,4.0,2.0,0.0,7.0,0.0,2.0,103.0,-11.0,-542.0,0.48717948717948717,0.5,2,0,0,0,0,0,0
1,3,0,1,1,0,0,3,3.0,0.0,2.0,4.0,1.0,0.0,125.0,27.0,1189.0,0.48604651162790696,0.47058823529411764,-1,0,0,0,0,0,0
0,0,0,0,0,0,1,3,0.0,2.0,1.0,10.0,3.0,2.0,20.0,-5.0,-177.0,0.4872389791183295,0.3333333333333333,1,0,0,0,0,1,0
1,2,0,0,1,0,1,2,2.0,1.0,7.0,9.0,3.0,2.0,13.0,3.0,480.0,0.4861111111111111,0.5283018867924528,-1,0,0,0,0,1,0
0,1,0,0,0,1,1,0,0.0,1.0,3.0,5.0,0.0,1.0,118.0,27.0,-27.0,0.48729792147806006,0.5,1,0,0,0,0,0,0
0,0,0,1,1,0,1,1,1.0,5.0,2.0,3.0,0.0,1.0,92.0,0.0,-868.0,0.4861751152073733,0.5,-1,0,0,0,0,0,0
0,0,0,0,1,0,0,0,1.0,3.0,3.0,7.0,0.0,2.0,112.0,-19.0,836.0,0.4850574712643678,0.47368421052631576,-2,0,0,0,0,0,0
0,1,0,1,1,0,1,1,1.0,2.0,1.0,5.0,0.0,1.0,111.0,-10.0,-431.0,0.48394495412844035,0.45,-3,0,0,0,0,0,0
0,1,0,1,0,0,0,4,4.0,2.0,1.0,2.0,1.0,2.0,77.0,-12.0,-294.0,0.5,0.5,0,0,1,0,0,0,1
1,4,0,1,1,1,1,6,2.0,3.0,2.0,50.0,0.0,0.0,94.0,8.0,1630.0,0.0,0.5,-1,0,0,0,1,0,1
1,1,0,0,0,0,0,4,3.0,2.0,0.0,48.0,0.0,0.0,85.0,-12.0,762.0,0.5,1.0,1,0,0,0,1,0,1
1,0,0,0,1,1,1,3,2.0,0.0,1.0,47.0,0.0,1.0,97.0,-17.0,1303.0,0.6666666666666666,1.0,2,0,0,0,1,0,1
1,3,0,0,1,0,1,5,3.0,3.0,0.0,49.0,0.0,0.0,110.0,30.0,1073.0,0.75,1.0,3,1,0,0,1,0,1
0,3,0,0,1,0,1,3,5.0,0.0,0.0,52.0,1.0,1.0,105.0,10.0,2194.0,0.8,1.0,4,0,0,0,1,0,1
1,0,0,1,1,1,1,6,1.0,2.0,9.0,3.0,3.0,3.0,90.0,5.0,343.0,0.6666666666666666,0.0,-1,0,1,0,0,0,1
0,0,0,1,0,0,0,2,0.0,5.0,3.0,2.0,0.0,2.0,74.0,-28.0,-1219.0,0.7142857142857143,0.5,1,0,1,0,0,0,1
1,0,0,1,1,1,1,2,4.0,0.0,5.0,4.0,3.0,4.0,87.0,13.0,1207.0,0.625,0.5,-1,0,1,0,0,0,1
1,0,0,0,0,0,0,6,2.0,0.0,4.0,1.0,2.0,1.0,91.0,7.0,862.0,0.6666666666666666,1.0,1,0,1,0,0,0,1
0,0,0,0,1,0,0,6,2.0,0.0,5.0,4.0,0.0,4.0,87.0,18.0,1141.0,0.7,1.0,2,0,1,0,0,0,1
1,0,0,1,1,1,1,6,3.0,0.0,7.0,4.0,1.0,4.0,89.0,9.0,247.0,0.6363636363636364,0.6666666666666666,-1,0,1,0,0,0,1
1,0,0,0,1,0,1,3,1.0,3.0,5.0,4.0,1.0,4.0,67.0,-2.0,67.0,0.6666666666666666,0.75,1,0,1,0,0,0,1
0,0,0,0,0,1,1,5,0.0,1.0,1.0,2.0,4.0,2.0,77.0,-15.0,-323.0,0.6923076923076923,0.8,2,0,1,0,0,0,1
1,2,0,1,1,1,1,6,2.0,0.0,4.0,3.0,1.0,3.0,87.0,-21.0,-872.0,0.6428571428571429,0.6666666666666666,-1,0,1,0,0,0,1
1,0,0,0,1,0,1,3,3.0,3.0,3.0,3.0,0.0,3.0,64.0,-55.0,-2238.0,0.6666666666666666,0.7142857142857143,1,0,1,0,0,0,1
1,0,0,1,0,0,1,6,6.0,2.0,4.0,4.0,1.0,4.0,88.0,0.0,1256.0,0.6875,0.75,2,0,1,0,0,0,1
0,0,0,1,0,0,0,3,0.0,2.0,6.0,1.0,0.0,1.0,83.0,5.0,918.0,0.7058823529411765,0.7777777777777778,3,1,1,0,0,0,1
0,1,0,1,0,1,0,3,1.0,4.0,10.0,11.0,0.0,2.0,15.0,2.0,-138.0,0.6666666666666666,0.5,-1,0,0,0,0,1,1
1,0,0,0,0,1,1,1,3.0,2.0,3.0,3.0,2.0,3.0,80.0,-26.0,-1570.0,0.631578947368421,0.5,-2,0,1,0,0,0,1
1,2,0,0,1,1,1,3,2.0,0.0,6.0,3.0,0.0,3.0,79.0,-16.0,21.0,0.65,0.7,1,0,1,0,0,0,1
0,0,0,1,0,1,0,3,2.0,1.0,3.0,2.0,3.0,2.0,82.0,-6.0,16.0,0.6666666666666666,1.0,2,0,1,0,0,0,1
1,3,2,0,0,1,1,3,3.0,2.0,4.0,6.0,1.0,1.0,121.0,-8.0,483.0,0.6363636363636364,0.5,-1,0,0,0,0,0,1
0,0,0,0,0,0,0,2,0.0,3.0,0.0,5.0,2.0,0.0,97.0,-41.0,-1839.0,0.6521739130434783,1.0,1,0,0,0,0,0,1
0,1,0,0,1,0,1,2,3.0,0.0,2.0,4.0,0.0,0.0,105.0,0.0,-265.0,0.625,0.5,-1,0,0,0,0,0,1
1,0,0,0,0,0,1,3,4.0,2.0,6.0,4.0,1.0,0.0,91.0,-7.0,-439.0,0.4791666666666667,0.7272727272727273,-2,0,1,0,0,0,1
0,3,0,1,1,1,1,2,0.0,2.0,3.0,2.0,1.0,2.0,81.0,-14.0,-1102.0,0.4897959183673469,0.75,1,0,1,0,0,0,1
0,0,0,1,0,0,0,3,0.0,1.0,1.0,6.0,2.0,2.0,85.0,-6.0,-122.0,0.48,0.5,-1,0,1,0,0,0,1
0,0,0,1,0,0,1,0,4.0,4.0,4.0,1.0,0.0,1.0,77.0,-26.0,-470.0,0.4925373134328358,0.5454545454545454,-2,0,1,0,0,0,1
0,0,0,0,0,0,1,0,3.0,1.0,0.0,0.0,1.0,0.0,110.0,17.0,1210.0,0.4888888888888889,0.5294117647058824,-3,0,1,0,0,0,1
1,0,0,1,0,1,0,0,0.0,2.0,3.0,2.0,1.0,2.0,92.0,2.0,-156.0,0.4852941176470588,0.3333333333333333,-4,0,1,0,0,0,1
0,0,0,1,1,0,1,3,0.0,2.0,6.0,2.0,2.0,2.0,93.0,3.0,4.0,0.48905109489051096,0.5142857142857142,1,0,1,0,0,0,1
1,0,0,0,1,0,0,3,4.0,5.0,1.0,3.0,0.0,0.0,78.0,-52.0,-1153.0,0.4855072463768116,0.3333333333333333,-1,0,0,0,0,0,1
0,0,0,0,0,0,1,0,1.0,1.0,2.0,2.0,2.0,2.0,83.0,-34.0,-1284.0,0.4892086330935252,0.5,1,0,1,0,0,0,1
1,0,0,1,1,1,0,3,0.0,0.0,1.0,7.0,0.0,2.0,101.0,-16.0,-170.0,0.4857142857142857,0.5,-1,0,0,0,1,0,1
1,1,0,0,1,1,0,3,2.0,0.0,2.0,5.0,1.0,1.0,112.0,18.0,1220.0,0.48936170212765956,0.5,1,0,0,0,0,0,1
0,1,0,0,0,0,0,2,2.0,0.0,1.0,5.0,1.0,0.0,104.0,-34.0,89.0,0.4965034965034965,0.6666666666666666,2,0,0,0,0,0,1
0,1,0,1,0,0,0,0,1.0,0.0,2.0,5.0,0.0,1.0,112.0,16.0,807.0,0.4930555555555556,0.3333333333333333,-1,0,0,0,0,0,1
0,0,0,0,0,0,0,0,4.0,4.0,4.0,2.0,2.0,2.0,93.0,8.0,-117.0,0.4896551724137931,0.4864864864864865,-2,0,1,0,0,0,1
1,1,0,1,1,0,1,3,4.0,1.0,3.0,5.0,1.0,1.0,105.0,-18.0,243.0,0.4863013698630137,0.5714285714285714,-3,0,0,0,0,0,1
1,0,0,0,0,1,0,1,1.0,2.0,4.0,2.0,3.0,2.0,81.0,2.0,-409.0,0.4897959183673469,0.47368421052631576,1,0,1,0,0,0,1
0,0,0,0,0,0,0,3,5.0,1.0,3.0,3.0,2.0,3.0,90.0,6.0,20.0,0.49324324324324326,0.5,2,0,1,0,0,0,1
0,0,0,1,0,1,0,3,2.0,2.0,5.0,0.0,1.0,0.0,88.0,-8.0,-1130.0,0.4899328859060403,0.48717948717948717,-1,0,1,0,0,0,1
0,0,0,0,0,0,0,0,1.0,5.0,2.0,4.0,0.0,0.0,76.0,-59.0,-930.0,0.4866666666666667,0.625,-2,0,0,0,0,0,1
0,0,2,0,0,1,0,0,5.0,0.0,1.0,4.0,0.0,1.0,94.0,-15.0,317.0,0.48344370860927155,1.0,-3,0,0,0,1,0,1
1,0,0,1,0,0,1,3,2.0,1.0,4.0,5.0,1.0,0.0,119.0,-5.0,1049.0,0.48026315789473684,0.3333333333333333,-4,0,0,0,0,0,1
0,1,0,0,1,1,0,0,2.0,2.0,2.0,4.0,3.0,1.0,112.0,0.0,-28.0,0.48366013071895425,0.5,1,0,0,0,0,0,1
1,1,0,1,1,1,0,0,1.0,1.0,5.0,4.0,0.0,1.0,100.0,-5.0,297.0,0.4805194805194805,0.5,-1,0,0,0,0,0,1
0,0,0,1,0,1,0,0,1.0,1.0,1.0,6.0,0.0,1.0,95.0,-26.0,-648.0,0.4838709677419355,0.5555555555555556,1,0,0,0,0,0,1
0,1,0,1,0,1,1,0,1.0,0.0,3.0,6.0,0.0,1.0,119.0,19.0,77.0,0.4807692307692308,0.4,-1,0,0,0,0,0,1
1,3,0,1,1,1,1,1,7.0,3.0,1.0,5.0,2.0,1.0,83.0,-11.0,744.0,0.47770700636942676,0.5,-2,0,0,0,0,0,1
1,5,0,1,1,1,1,2,2.0,1.0,0.0,1.0,2.0,1.0,92.0,-4.0,-304.0,0.4810126582278481,0.475,1,0,1,0,0,0,1
1,2,0,1,1,1,1,0,1.0,2.0,7.0,1.0,1.0,1.0,79.0,-11.0,179.0,0.48427672955974843,0.4878048780487805,2,0,1,0,0,0,1
0,0,0,0,0,1,0,1,2.0,2.0,2.0,0.0,3.0,0.0,84.0,-10.0,-583.0,0.4875,0.5,3,1,1,0,0,0,1
0,0,0,1,0,1,1,0,2.0,3.0,4.0,2.0,4.0,2.0,88.0,-18.0,-497.0,0.484472049689441,0.4883720930232558,-1,0,1,0,0,0,1
1,0,0,1,1,0,1,3,1.0,4.0,4.0,3.0,4.0,3.0,77.0,-26.0,-1397.0,0.48148148148148145,0.6923076923076923,-2,0,1,0,0,0,1
0,0,0,1,0,1,1,0,1.0,1.0,4.0,0.0,2.0,0.0,86.0,-19.0,-841.0,0.48466257668711654,0.7142857142857143,1,0,1,0,0,0,1
1,0,0,0,0,0,1,3,6.0,3.0,1.0,7.0,3.0,2.0,92.0,-2.0,216.0,0.4817073170731707,0.5454545454545454,-1,0,0,0,0,0,1
0,0,0,0,0,0,0,3,3.0,3.0,2.0,4.0,0.0,0.0,88.0,-21.0,-514.0,0.48484848484848486,0.5833333333333334,1,0,0,0,0,0,1
1,1,0,1,0,1,1,1,2.0,2.0,3.0,4.0,2.0,1.0,93.0,-16.0,-999.0,0.4819277108433735,0.5384615384615384,-1,0,0,0,0,0,1
1,0,0,1,0,0,1,1,0.0,2.0,2.0,4.0,0.0,0.0,91.0,-23.0,-864.0,0.48502994011976047,0.5714285714285714,1,0,0,0,0,0,1
0,0,0,0,0,0,0,1,1.0,3.0,0.0,6.0,1.0,1.0,93.0,-31.0,-403.0,0.4880952380952381,0.6,2,0,0,0,0,0,1
0,0,0,0,0,1,0,0,1.0,0.0,5.0,1.0,2.0,1.0,83.0,-22.0,-420.0,0.48520710059171596,0.6666666666666666,-1,0,1,0,0,0,1
0,1,0,0,1,1,0,3,0.0,1.0,0.0,5.0,1.0,0.0,99.0,-28.0,-679.0,0.4823529411764706,0.5625,-2,0,0,0,0,0,1
1,0,0,1,0,1,1,3,0.0,1.0,0.0,3.0,0.0,0.0,77.0,-36.0,-1317.0,0.47674418604651164,0.5294117647058824,-3,0,0,0,0,0,1
1,0,0,0,1,0,1,0,1.0,2.0,3.0,2.0,4.0,2.0,86.0,-23.0,-870.0,0.4797687861271676,0.4772727272727273,1,0,1,0,0,0,1
0,0,0,0,0,0,1,3,0.0,2.0,2.0,4.0,2.0,0.0,72.0,-48.0,-846.0,0.4827586206896552,0.5555555555555556,2,0,0,0,0,0,1
0,0,0,0,0,0,0,3,0.0,4.0,0.0,6.0,1.0,0.0,52.0,-69.0,-2625.0,0.48,0.6666666666666666,-1,0,0,0,1,0,1
0,0,0,1,0,1,0,2,1.0,2.0,1.0,1.0,2.0,1.0,83.0,1.0,-385.0,0.4772727272727273,0.4888888888888889,-2,0,1,0,0,0,1
1,0,0,0,1,1,1,3,0.0,3.0,8.0,12.0,4.0,3.0,13.0,-14.0,-689.0,0.4745762711864407,0.0,-3,0,0,0,0,1,1
0,0,0,1,0,0,1,3,0.0,3.0,2.0,20.0,4.0,0.0,21.0,2.0,-1252.0,0.47752808988764045,0.5,1,0,0,0,0,1,1
1,0,0,0,1,1,1,3,1.0,3.0,3.0,5.0,0.0,1.0,66.0,-41.0,-1057.0,0.4748603351955307,0.5,-1,0,0,0,1,0,1
0,0,0,0,0,0,1,0,0.0,1.0,8.0,16.0,3.0,5.0,20.0,-7.0,-108.0,0.4777777777777778,0.5,1,0,0,0,0,1,1
1,1,0,0,0,1,1,3,0.0,1.0,7.0,16.0,2.0,4.0,16.0,-2.0,-932.0,0.47513812154696133,0.5,-1,0,0,0,0,1,1
0,0,0,1,0,0,0,0,0.0,4.0,4.0,11.0,2.0,4.0,23.0,-5.0,-1147.0,0.47802197802197804,1.0,1,0,0,0,0,1,1
1,0,0,0,0,1,1,0,1.0,2.0,5.0,12.0,2.0,2.0,12.0,-5.0,-1206.0,0.47540983606557374,0.3333333333333333,-1,0,0,0,0,1,1
1,0,0,0,0,0,0,3,0.0,2.0,6.0,12.0,5.0,2.0,23.0,2.0,328.0,0.4782608695652174,0.5,1,0,0,0,0,1,1
1,2,1,0,1,0,1,3,1.0,2.0,7.0,10.0,3.0,2.0,23.0,-3.0,125.0,0.4810810810810811,1.0,2,0,0,0,0,1,1
0,0,0,1,0,1,0,3,0.0,1.0,2.0,11.0,4.0,0.0,23.0,13.0,-97.0,0.4838709677419355,1.0,3,1,0,0,0,1,1
0,0,0,1,1,1,0,0,0.0,2.0,7.0,13.0,3.0,2.0,23.0,11.0,183.0,0.48128342245989303,0.0,-1,0,0,0,0,1,1
0,2,0,0,0,0,1,3,2.0,0.0,1.0,4.0,0.0,1.0,123.0,-14.0,377.0,0.4787234042553192,0.6666666666666666,-2,0,0,0,1,0,1
1,0,0,0,1,0,1,3,0.0,2.0,1.0,13.0,2.0,2.0,25.0,-5.0,-642.0,0.47619047619047616,0.5,-3,0,0,0,0,1,1
0,1,0,1,0,1,0,0,1.0,3.0,4.0,13.0,0.0,2.0,14.0,-6.0,-1179.0,0.4789473684210526,0.6666666666666666,1,0,0,0,0,1,1
1,0,1,0,1,0,1,3,2.0,1.0,4.0,12.0,1.0,2.0,22.0,-2.0,1019.0,0.47643979057591623,0.5,-1,0,0,0,0,1,1
1,2,0,1,1,1,0,3,1.0,3.0,3.0,10.0,2.0,3.0,19.0,-7.0,-640.0,0.4791666666666667,0.5,1,0,0,0,0,1,1
0,0,1,0,0,1,0,1,2.0,2.0,2.0,11.0,2.0,3.0,17.0,6.0,-65.0,0.48186528497409326,0.5,2,0,0,0,0,1,1
1,0,0,1,1,1,0,3,0.0,1.0,4.0,15.0,4.0,4.0,16.0,-4.0,-1313.0,0.4793814432989691,0.6,-1,0,0,0,0,1,1
0,3,0,1,1,1,1,3,0.0,1.0,7.0,10.0,4.0,3.0,21.0,-4.0,64.0,0.48205128205128206,0.6666666666666666,1,0,0,0,0,1,1
1,0,0,0,1,0,1,3,1.0,1.0,3.0,10.0,1.0,1.0,21.0,2.0,-44.0,0.47959183673469385,0.5,-1,0,0,0,0,1,1
0,0,0,0,0,1,1,0,1.0,2.0,7.0,2.0,1.0,2.0,81.0,-23.0,-723.0,0.48223350253807107,0.4782608695652174,1,0,1,0,0,0,1
0,0,0,0,0,0,0,3,1.0,1.0,3.0,2.0,4.0,2.0,83.0,-25.0,-1239.0,0.4797979797979798,0.46808510638297873,-1,0,1,0,0,0,1
0,1,0,1,1,1,0,0,0.0,1.0,2.0,0.0,1.0,0.0,80.0,-25.0,-1573.0,0.47738693467336685,0.4583333333333333,-2,0,1,0,0,0,1
0,0,0,1,0,1,1,3,0.0,2.0,8.0,13.0,2.0,4.0,11.0,-16.0,-1041.0,0.475,0.6,-3,0,0,0,0,1,1
0,0,0,0,0,1,0,3,0.0,2.0,6.0,9.0,4.0,3.0,16.0,-7.0,-1222.0,0.472636815920398,0.5,-4,0,0,0,0,1,1
1,0,0,1,1,1,1,3,0.0,1.0,2.0,4.0,0.0,0.0,98.0,-21.0,-655.0,0.47029702970297027,0.3333333333333333,-5,0,0,0,0,0,1
1,0,0,1,1,0,1,3,0.0,3.0,2.0,5.0,0.0,1.0,85.0,-30.0,-871.0,0.4729064039408867,0.42857142857142855,1,0,0,0,0,0,1
0,0,0,0,0,1,0,0,3.0,0.0,5.0,6.0,1.0,1.0,100.0,-35.0,142.0,0.47549019607843135,0.5263157894736842,2,0,0,0,0,0,1
0,0,0,0,0,1,0,3,0.0,1.0,2.0,8.0,4.0,1.0,29.0,5.0,-965.0,0.47317073170731705,0.5714285714285714,-1,0,0,0,0,1,1
1,2,0,0,1,0,1,3,2.0,2.0,3.0,9.0,0.0,1.0,23.0,3.0,162.0,0.470873786407767,0.6666666666666666,-2,0,0,0,0,1,1
1,0,0,1,0,0,0,0,5.0,0.0,4.0,4.0,3.0,2.0,72.0,-40.0,-565.0,0.47342995169082125,0.625,1,0,1,0,0,0,1
1,0,0,1,1,1,0,3,1.0,2.0,9.0,11.0,1.0,2.0,17.0,-12.0,1005.0,0.47596153846153844,0.75,2,0,0,0,0,1,1
0,0,0,1,0,1,0,0,2.0,1.0,7.0,8.0,1.0,2.0,21.0,13.0,925.0,0.4784688995215311,0.8,3,1,0,0,0,1,1
0,1,0,1,1,1,1,3,0.0,2.0,2.0,12.0,3.0,4.0,19.0,4.0,-977.0,0.47619047619047616,0.5,-1,0,0,0,0,1,1
0,0,0,1,1,1,0,2,4.0,1.0,3.0,1.0,1.0,1.0,71.0,-25.0,86.0,0.47393364928909953,0.6470588235294118,-2,0,1,0,0,0,1
1,0,1,1,1,1,1,3,3.0,3.0,3.0,2.0,1.0,0.0,85.0,-40.0,-850.0,0.4716981132075472,0.5,-3,0,0,0,0,0,1
0,0,0,1,0,0,0,1,1.0,3.0,2.0,4.0,0.0,0.0,78.0,-40.0,-1515.0,0.47417840375586856,0.5555555555555556,1,0,0,0,0,0,1
0,0,0,0,1,1,1,0,1.0,2.0,2.0,5.0,0.0,1.0,87.0,-23.0,-1046.0,0.4719626168224299,0.5,-1,0,0,0,0,0,1
1,0,0,0,1,0,0,0,0.0,1.0,3.0,14.0,0.0,3.0,22.0,-4.0,0.0,0.4697674418604651,0.6666666666666666,-2,0,0,0,0,1,1
1,2,0,0,0,0,0,0,1.0,3.0,5.0,12.0,3.0,3.0,18.0,-6.0,-789.0,0.4722222222222222,0.7142857142857143,1,0,0,0,0,1,1
0,1,0,0,0,1,1,0,0.0,3.0,6.0,13.0,1.0,3.0,14.0,4.0,801.0,0.47465437788018433,0.5,2,0,0,0,0,1,1
0,0,0,1,0,0,1,3,3.0,5.0,6.0,10.0,1.0,1.0,21.0,0.0,172.0,0.4724770642201835,0.75,-1,0,0,0,0,1,1
1,0,0,0,1,0,0,1,4.0,1.0,9.0,2.0,1.0,2.0,66.0,-17.0,-108.0,0.4703196347031963,0.6111111111111112,-2,0,1,0,0,0,1
1,0,0,0,0,0,0,0,3.0,2.0,1.0,3.0,1.0,3.0,67.0,-18.0,-434.0,0.4727272727272727,0.631578947368421,1,0,1,0,0,0,1
1,1,0,1,1,1,1,3,1.0,1.0,7.0,10.0,2.0,2.0,28.0,6.0,-30.0,0.4751131221719457,0.6666666666666666,2,0,0,0,0,1,1
1,1,0,0,0,1,1,0,1.0,4.0,2.0,8.0,2.0,2.0,21.0,-5.0,-887.0,0.4774774774774775,0.0,3,1,0,0,0,1,1
0,0,0,0,0,1,1,1,0.0,2.0,3.0,10.0,2.0,3.0,20.0,3.0,-514.0,0.4798206278026906,0.4444444444444444,4,0,0,0,0,1,1
0,0,0,0,1,1,1,0,0.0,0.0,3.0,1.0,2.0,1.0,79.0,-37.0,-1213.0,0.47767857142857145,0.65,-1,0,1,0,0,0,1
1,1,0,0,0,0,0,3,1.0,2.0,0.0,10.0,2.0,1.0,32.0,13.0,-557.0,0.47555555555555556,0.7,-2,0,0,0,0,1,1
0,0,0,0,1,0,1,3,0.0,1.0,3.0,3.0,1.0,3.0,80.0,-7.0,49.0,0.4778761061946903,0.6190476190476191,1,0,1,0,0,0,1
1,0,0,1,1,0,1,3,1.0,2.0,0.0,10.0,2.0,1.0,29.0,0.0,-930.0,0.47577092511013214,0.7272727272727273,-1,0,0,0,0,1,1
0,0,0,1,1,1,0,1,1.0,0.0,3.0,12.0,2.0,2.0,19.0,-1.0,348.0,0.4780701754385965,0.75,1,0,0,0,0,1,1
1,3,0,0,1,1,1,3,0.0,0.0,5.0,11.0,1.0,3.0,19.0,-1.0,-596.0,0.4759825327510917,0.6923076923076923,-1,0,0,0,0,1,1
0,0,0,1,0,0,1,3,2.0,0.0,5.0,10.0,2.0,3.0,30.0,10.0,737.0,0.4782608695652174,0.7142857142857143,1,0,0,0,0,1,1
1,0,0,0,1,1,1,1,1.0,1.0,7.0,4.0,0.0,4.0,80.0,-11.0,602.0,0.47619047619047616,0.5909090909090909,-1,0,1,0,0,0,1
1,3,0,0,1,1,0,2,1.0,1.0,2.0,3.0,0.0,0.0,103.0,-12.0,207.0,0.47844827586206895,0.45454545454545453,1,0,0,0,0,0,1
1,2,0,1,1,1,1,3,0.0,0.0,11.0,14.0,4.0,3.0,22.0,13.0,23.0,0.48068669527896996,0.6666666666666666,2,0,0,0,0,1,1
1,0,0,0,0,0,1,3,2.0,0.0,5.0,3.0,1.0,3.0,95.0,21.0,587.0,0.4829059829059829,0.6086956521739131,3,1,1,0,0,0,1
1,1,1,1,1,1,1,0,3.0,1.0,2.0,14.0,4.0,3.0,25.0,6.0,-829.0,0.4851063829787234,0.6875,4,0,0,0,0,1,1
0,0,0,0,0,1,1,0,4.0,3.0,5.0,11.0,3.0,3.0,28.0,13.0,1010.0,0.4872881355932203,0.7058823529411765,5,0,0,0,0,1,1
1,0,0,1,1,1,1,3,1.0,1.0,4.0,2.0,1.0,2.0,91.0,-10.0,-508.0,0.48523206751054854,0.625,-1,0,1,0,0,0,1
0,0,0,0,0,0,0,2,1.0,1.0,0.0,3.0,3.0,3.0,93.0,-11.0,-496.0,0.48739495798319327,0.64,1,0,1,0,0,0,1
1,0,0,1,1,0,0,3,2.0,1.0,3.0,14.0,6.0,5.0,23.0,-6.0,-281.0,0.48535564853556484,0.6666666666666666,-1,0,0,0,0,1,1
1,3,0,1,1,1,1,3,1.0,0.0,7.0,12.0,3.0,4.0,16.0,-4.0,-109.0,0.4875,0.6842105263157895,1,0,0,0,0,1,1
1,0,0,0,0,0,1,3,1.0,0.0,4.0,2.0,3.0,2.0,90.0,-6.0,-343.0,0.4896265560165975,0.6153846153846154,2,0,1,0,0,0,1
0,0,0,1,0,0,1,1,1.0,2.0,5.0,11.0,5.0,3.0,26.0,10.0,76.0,0.49173553719008267,0.7,3,1,0,0,0,1,1
0,1,0,1,0,1,0,0,3.0,3.0,7.0,14.0,5.0,5.0,19.0,1.0,68.0,0.4897119341563786,0.6666666666666666,-1,0,0,0,0,1,1
0,0,0,0,1,1,0,0,0.0,2.0,6.0,13.0,3.0,2.0,24.0,10.0,-574.0,0.48770491803278687,0.6363636363636364,-2,0,0,0,0,1,1
1,0,0,0,0,1,1,3,1.0,1.0,7.0,2.0,3.0,2.0,87.0,-14.0,207.0,0.4857142857142857,0.6296296296296297,-3,0,1,0,0,0,1
1,0,0,1,1,1,1,3,3.0,1.0,6.0,2.0,1.0,2.0,91.0,-10.0,255.0,0.4878048780487805,0.6428571428571429,1,0,1,0,0,0,1
0,0,0,1,1,0,1,3,0.0,2.0,5.0,1.0,3.0,1.0,86.0,-10.0,-133.0,0.4898785425101215,0.6551724137931034,2,0,1,0,0,0,1
1,0,0,0,1,1,1,3,1.0,1.0,6.0,2.0,3.0,2.0,94.0,-31.0,-1868.0,0.4879032258064516,0.6333333333333333,-1,0,1,0,0,0,1
1,0,0,0,1,0,1,3,0.0,1.0,3.0,3.0,1.0,3.0,91.0,-9.0,-245.0,0.4899598393574297,0.6451612903225806,1,0,1,0,0,0,1
1,0,0,0,1,1,1,3,1.0,2.0,3.0,2.0,4.0,2.0,86.0,-2.0,-437.0,0.492,0.65625,2,0,1,0,0,0,1
0,0,0,0,1,0,0,3,1.0,0.0,5.0,2.0,2.0,2.0,80.0,-28.0,-731.0,0.4940239043824701,0.6666666666666666,3,1,1,0,0,0,1
0,0,1,0,1,1,1,2,1.0,4.0,4.0,12.0,3.0,4.0,24.0,-1.0,-701.0,0.49206349206349204,0.6086956521739131,-1,0,0,0,0,1,1
1,0,0,0,0,1,0,3,1.0,1.0,0.0,4.0,0.0,0.0,98.0,-58.0,-747.0,0.4901185770750988,0.5,-2,0,0,0,0,0,1
0,0,0,0,0,0,1,1,1.0,1.0,3.0,0.0,2.0,0.0,86.0,-15.0,-418.0,0.4921259842519685,0.6470588235294118,1,0,1,0,0,0,1
0,0,0,0,0,1,0,0,2.0,1.0,0.0,12.0,3.0,3.0,30.0,0.0,299.0,0.49019607843137253,0.5833333333333334,-1,0,0,0,0,1,1
1,0,0,0,1,1,1,1,1.0,3.0,2.0,2.0,0.0,2.0,78.0,-27.0,-1596.0,0.48828125,0.6285714285714286,-2,0,1,0,0,0,1
1,0,0,1,1,1,1,0,3.0,4.0,2.0,2.0,1.0,2.0,77.0,-35.0,-712.0,0.490272373540856,0.6388888888888888,1,0,1,0,0,0,1
1,0,0,0,0,0,1,3,0.0,2.0,3.0,3.0,2.0,3.0,82.0,-10.0,-588.0,0.49224806201550386,0.6486486486486487,2,0,1,0,0,0,1
1,0,0,1,1,0,1,1,0.0,1.0,0.0,5.0,3.0,0.0,116.0,-21.0,-244.0,0.4942084942084942,0.5384615384615384,3,1,0,0,0,0,1
1,0,0,0,1,1,0,1,3.0,1.0,5.0,2.0,1.0,2.0,96.0,-20.0,-357.0,0.49615384615384617,0.6578947368421053,4,0,1,0,0,0,1
0,0,0,0,0,0,1,0,0.0,1.0,3.0,2.0,2.0,2.0,75.0,-30.0,-1035.0,0.49808429118773945,0.6666666666666666,5,0,1,0,0,0,1
0,0,0,1,0,0,1,3,0.0,0.0,0.0,4.0,1.0,0.0,126.0,-14.0,63.0,0.4961832061068702,0.5714285714285714,-1,0,0,0,0,0,1
0,2,0,1,1,0,0,3,2.0,1.0,1.0,7.0,1.0,2.0,120.0,20.0,-337.0,0.49429657794676807,0.6666666666666666,-2,0,0,0,0,0,1
0,3,0,0,1,1,1,2,3.0,1.0,2.0,4.0,1.0,1.0,99.0,-21.0,-370.0,0.49242424242424243,0.5333333333333333,-3,0,0,0,0,0,1
1,0,0,1,1,1,0,3,0.0,0.0,6.0,4.0,1.0,4.0,100.0,8.0,631.0,0.49056603773584906,0.65,-4,0,1,0,0,0,1
0,0,0,0,0,0,0,0,0.0,2.0,0.0,3.0,0.0,3.0,92.0,-18.0,-1128.0,0.4924812030075188,0.6585365853658537,1,0,1,0,0,0,1
0,0,0,1,0,0,1,3,2.0,2.0,4.0,1.0,0.0,1.0,85.0,-23.0,-1118.0,0.49063670411985016,0.6428571428571429,-1,0,1,0,0,0,1
0,0,0,1,0,1,0,0,1.0,1.0,4.0,12.0,2.0,2.0,31.0,0.0,67.0,0.48880597014925375,0.56,-2,0,0,0,0,1,1
1,0,0,1,0,0,1,3,0.0,3.0,7.0,14.0,2.0,4.0,17.0,0.0,-485.0,0.48698884758364314,0.42857142857142855,-3,0,0,0,0,1,1
1,0,0,0,0,1,1,3,2.0,0.0,4.0,11.0,5.0,2.0,23.0,3.0,50.0,0.4888888888888889,0.3333333333333333,1,0,0,0,0,1,1
1,1,0,1,1,0,1,3,1.0,0.0,6.0,8.0,3.0,2.0,24.0,-2.0,585.0,0.4907749077490775,0.5,2,0,0,0,0,1,1
0,0,0,1,1,0,0,2,0.0,3.0,0.0,10.0,6.0,3.0,28.0,15.0,-1687.0,0.49264705882352944,0.6,3,1,0,0,0,1,1
0,0,0,1,0,0,0,0,0.0,1.0,5.0,12.0,2.0,2.0,30.0,10.0,-264.0,0.4908424908424908,0.5384615384615384,-1,0,0,0,0,1,1
1,0,0,1,0,1,1,0,0.0,3.0,4.0,11.0,2.0,2.0,18.0,-1.0,576.0,0.48905109489051096,0.5,-2,0,0,0,0,1,1
0,0,0,0,0,0,0,1,0.0,2.0,6.0,13.0,2.0,2.0,19.0,-1.0,172.0,0.4909090909090909,0.5555555555555556,1,0,0,0,0,1,1
1,0,0,0,1,0,1,3,1.0,7.0,5.0,11.0,2.0,1.0,18.0,6.0,-1530.0,0.4891304347826087,0.5185185185185185,-1,0,0,0,0,1,1
0,0,0,0,0,1,0,2,5.0,4.0,6.0,10.0,1.0,2.0,12.0,-2.0,-266.0,0.49097472924187724,0.5357142857142857,1,0,0,0,0,1,1
0,0,0,0,0,0,0,1,1.0,4.0,4.0,10.0,2.0,2.0,22.0,6.0,-84.0,0.4892086330935252,0.5172413793103449,-1,0,0,0,0,1,1
0,0,0,1,0,0,0,0,0.0,1.0,1.0,10.0,2.0,3.0,15.0,-4.0,-1143.0,0.4874551971326165,0.5,-2,0,0,0,0,1,1
0,0,0,0,0,1,0,3,1.0,2.0,3.0,2.0,3.0,2.0,90.0,9.0,-569.0,0.4857142857142857,0.627906976744186,-3,0,1,0,0,0,1
1,0,0,0,1,1,1,0,2.0,0.0,1.0,2.0,0.0,0.0,91.0,2.0,902.0,0.48398576512455516,0.5,-4,0,0,0,0,0,1
1,0,0,1,1,1,1,2,2.0,1.0,4.0,5.0,0.0,0.0,103.0,-14.0,621.0,0.4858156028368794,0.5294117647058824,1,0,0,0,0,0,1
0,0,0,1,0,0,0,3,1.0,0.0,3.0,5.0,2.0,1.0,110.0,-4.0,-421.0,0.4876325088339223,0.5555555555555556,2,0,0,0,0,0,1
1,2,0,0,1,0,1,2,2.0,1.0,0.0,5.0,0.0,0.0,118.0,21.0,941.0,0.4859154929577465,0.5263157894736842,-1,0,0,0,0,0,1
1,4,0,1,1,1,1,3,7.0,1.0,0.0,5.0,2.0,1.0,114.0,15.0,672.0,0.48771929824561405,0.55,1,0,0,0,0,0,1
0,0,0,0,0,1,0,0,2.0,5.0,1.0,3.0,0.0,0.0,89.0,-26.0,-1425.0,0.48951048951048953,0.5714285714285714,2,0,0,0,0,0,1
0,1,0,0,0,0,0,0,3.0,1.0,0.0,3.0,0.0,1.0,111.0,-1.0,1376.0,0.4878048780487805,0.5,-1,0,0,0,1,0,1
0,0,0,0,0,1,0,0,0.0,3.0,0.0,5.0,0.0,1.0,86.0,-47.0,-1573.0,0.4861111111111111,0.5454545454545454,-2,0,0,0,0,0,1
1,1,0,0,1,0,0,3,1.0,0.0,7.0,2.0,1.0,1.0,86.0,-4.0,331.0,0.4844290657439446,0.4,-3,0,1,0,0,0,1
1,0,0,0,0,1,1,3,1.0,4.0,4.0,2.0,0.0,2.0,60.0,-30.0,-966.0,0.4862068965517241,0.5,1,0,1,0,0,0,1
0,0,0,1,1,0,1,3,6.0,2.0,0.0,1.0,2.0,1.0,98.0,17.0,874.0,0.4879725085910653,0.6136363636363636,2,0,1,0,0,0,1
1,0,0,0,0,0,1,3,4.0,2.0,5.0,2.0,2.0,2.0,88.0,-17.0,-375.0,0.4863013698630137,0.6,-1,0,1,0,0,0,1
0,0,0,1,0,0,0,0,1.0,3.0,2.0,2.0,3.0,2.0,89.0,-20.0,-1445.0,0.4880546075085324,0.5714285714285714,1,0,1,0,0,0,1
1,0,0,1,1,0,0,3,1.0,3.0,3.0,2.0,0.0,1.0,70.0,-35.0,-2023.0,0.48639455782312924,0.6086956521739131,-1,0,1,0,0,0,1
0,0,0,1,1,1,1,3,3.0,0.0,4.0,3.0,0.0,3.0,81.0,7.0,1109.0,0.488135593220339,0.6170212765957447,1,0,1,0,0,0,1
0,0,0,1,1,1,1,0,3.0,0.0,2.0,0.0,3.0,0.0,69.0,-42.0,-2183.0,0.4864864864864865,0.6041666666666666,-1,0,1,0,0,0,1
0,0,0,1,0,1,0,0,0.0,1.0,0.0,5.0,0.0,1.0,101.0,-30.0,-1411.0,0.48484848484848486,0.2857142857142857,-2,0,0,0,0,0,1
