match_id,queue_id,win,champion,role,game_duration,kills_total,deaths_total,assists_total,lane_minions,jungle_minions,vision_score,wards_placed,wards_killed,control_wards_placed,turret_plates,vision_advantage,control_ward_coverage,early_roam_kills,aces_before_15,first_blood,first_tower,first_dragon,first_rift_herald,void_grubs,min15_kills,min15_deaths,min15_assists,min15_wards_placed,min15_wards_killed,min15_control_wards,min15_gold,min15_cs,min15_gold_diff,min15_cs_diff,min15_xp_diff
LA2_1526298801,440,1,Sejuani,JUNGLE,28.85,2,3,21,17,144,25,7,1,7,0,1.3879292011260986,0.7124845689436218,0,0,0,1,1,1,1,1.0,1.0,7.0,4.0,0.0,4.0,5128.0,80.0,-10.0,-11.0,602.0
LA2_1526181502,440,1,Leona,UTILITY,38.88,1,11,22,43,0,118,47,16,8,1,0.08710777759552,0.623737503406702,0,0,0,0,1,1,0,1.0,4.0,2.0,8.0,2.0,2.0,3825.0,21.0,-918.0,-5.0,-887.0
LA2_1526834516,440,0,Sivir,BOTTOM,30.92,3,5,6,205,5,30,14,4,4,2,-0.0289203524589538,0.5391950313161126,0,0,1,1,0,0,3,2.0,1.0,1.0,7.0,1.0,2.0,5532.0,120.0,1028.0,20.0,-337.0
LA2_1553946058,420,1,Elise,UTILITY,23.45,6,3,6,29,0,50,28,0,4,2,0.1801962852478027,0.673689752112886,1,0,0,1,0,1,3,4.0,3.0,1.0,11.0,0.0,2.0,4756.0,18.0,-467.0,-5.0,-603.0
LA2_1518445913,420,1,Varus,BOTTOM,39.62,8,13,8,220,19,33,15,7,3,5,-0.1662418246269226,0.7216099178663705,0,0,1,1,0,1,1,4.0,5.0,2.0,6.0,1.0,2.0,6263.0,98.0,1268.0,15.0,677.0
LA2_1526202315,440,0,Braum,UTILITY,28.47,0,4,9,24,0,61,36,4,7,0,-0.2449501156806945,0.7384339252001055,0,0,0,0,1,1,1,0.0,2.0,3.0,10.0,2.0,3.0,3471.0,20.0,-367.0,3.0,-514.0
LA2_1516707337,420,0,Ashe,BOTTOM,34.42,11,7,9,190,39,28,13,3,2,3,0.4882441759109497,0.5883300965336569,0,0,1,1,1,0,0,4.0,1.0,3.0,5.0,0.0,1.0,5864.0,96.0,1495.0,-6.0,980.0
LA2_1510687014,440,0,Ekko,JUNGLE,19.87,0,2,2,18,96,18,7,5,3,0,-0.101504385471344,0.0,0,0,1,0,0,0,3,0.0,1.0,1.0,6.0,2.0,2.0,4376.0,85.0,-571.0,-6.0,-122.0
LA2_1501071717,440,1,Sejuani,JUNGLE,33.58,5,0,16,40,151,39,7,6,7,2,0.9987186193466188,0.7618376741854469,0,0,1,1,1,1,6,2.0,0.0,4.0,3.0,1.0,3.0,5267.0,87.0,559.0,-21.0,-872.0
LA2_1515634178,420,1,Trundle,TOP,37.02,6,12,7,254,16,34,16,0,4,0,0.1158115863800048,0.6231814129494513,0,0,0,1,1,0,3,2.0,5.0,0.0,6.0,0.0,2.0,4619.0,88.0,-1186.0,0.0,-1596.0
LA2_1526212689,440,0,Sejuani,JUNGLE,39.47,2,6,15,19,180,50,11,11,11,0,0.0369555950164794,0.5716949154735531,0,0,0,1,1,1,0,0.0,0.0,3.0,1.0,2.0,1.0,4372.0,79.0,-428.0,-37.0,-1213.0
LA2_1503922984,440,0,Leona,UTILITY,29.6,2,9,18,25,0,58,28,6,4,1,-0.1572694182395935,0.6145998562587308,0,0,1,0,1,0,3,1.0,4.0,10.0,11.0,0.0,2.0,4553.0,15.0,592.0,2.0,-138.0
LA2_1526519772,440,0,Thresh,UTILITY,37.62,3,14,31,30,0,97,42,10,9,1,0.6161086559295654,0.751383300478677,0,0,1,0,1,0,0,3.0,3.0,7.0,14.0,5.0,5.0,4798.0,19.0,857.0,1.0,68.0
LA2_1526355216,440,1,Ezreal,BOTTOM,15.53,1,1,2,106,4,5,4,1,0,3,-0.4866207838058471,0.0,0,0,0,1,1,0,2,1.0,1.0,2.0,3.0,0.0,0.0,5397.0,103.0,224.0,-12.0,207.0
LA2_1525162453,440,0,Vayne,BOTTOM,25.82,2,3,1,168,4,19,9,3,1,1,0.0192514657974243,0.2726665591038131,0,0,0,1,1,0,3,0.0,1.0,0.0,5.0,1.0,0.0,4250.0,99.0,-1925.0,-28.0,-679.0
LA2_1505738988,420,0,Nasus,TOP,21.92,1,10,0,80,0,3,2,0,0,0,-0.594395637512207,0.0,0,0,0,0,0,0,3,1.0,6.0,0.0,2.0,0.0,0.0,3958.0,68.0,-2744.0,-57.0,-2806.0
LA2_1520277195,420,1,Leblanc,MIDDLE,27.33,6,3,4,163,8,23,14,5,5,2,0.0358827114105224,0.7629573673278868,0,0,0,1,0,1,3,1.0,1.0,2.0,7.0,0.0,2.0,4878.0,86.0,-407.0,-31.0,59.0
LA2_1506014915,420,0,Shaco,JUNGLE,15.95,2,3,1,15,58,10,3,3,3,0,-0.3315949440002441,0.5685126066044643,0,0,0,0,0,0,0,2.0,3.0,1.0,3.0,3.0,3.0,4559.0,70.0,-2412.0,-34.0,-2138.0
LA2_1506022619,420,0,Diana,JUNGLE,24.67,1,10,1,31,75,6,0,1,0,2,-0.5594935417175293,0.0,0,0,0,0,0,0,3,0.0,5.0,1.0,0.0,1.0,0.0,4137.0,67.0,-2979.0,-41.0,-2239.0
LA2_1501084600,440,1,Sejuani,JUNGLE,32.08,6,6,23,16,136,38,7,6,7,0,1.3980083465576172,0.5804549297856701,0,0,0,1,0,1,3,3.0,3.0,3.0,3.0,0.0,3.0,5504.0,64.0,-840.0,-55.0,-2238.0
LA2_1525976236,440,0,Sejuani,JUNGLE,31.03,4,8,7,5,129,27,5,3,5,0,-0.3734104633331299,0.6645811825942131,0,0,1,1,1,0,2,4.0,1.0,3.0,1.0,1.0,1.0,5551.0,71.0,952.0,-25.0,86.0
LA2_1525920676,440,1,Sejuani,JUNGLE,37.1,11,0,22,37,179,33,8,2,6,0,-0.1959952712059021,0.7812483238398529,0,0,1,0,0,0,0,5.0,0.0,4.0,4.0,3.0,2.0,5893.0,72.0,721.0,-40.0,-565.0
LA2_1554478975,420,0,Thresh,UTILITY,34.47,0,8,16,29,2,77,39,4,9,2,-0.1472086906433105,0.5720847520924899,0,0,0,1,0,0,0,0.0,4.0,3.0,11.0,1.0,3.0,3563.0,23.0,-1066.0,3.0,-303.0
LA2_1524644130,440,1,Ezreal,BOTTOM,27.13,4,3,10,187,4,17,9,4,1,0,-0.2929186820983886,0.0,0,0,1,0,0,1,3,2.0,1.0,4.0,5.0,1.0,0.0,5530.0,119.0,413.0,-5.0,1049.0
LA2_1554288231,420,1,Thresh,UTILITY,27.18,4,2,20,33,0,59,26,8,3,0,0.0044072866439819,0.7811386620931607,0,0,0,0,1,0,3,2.0,2.0,5.0,9.0,5.0,1.0,4575.0,25.0,271.0,8.0,-676.0
LA2_1523479300,440,1,Vayne,BOTTOM,34.27,12,9,15,175,16,27,12,4,2,0,-0.1869833469390869,0.0,0,0,0,1,0,0,3,4.0,5.0,1.0,3.0,0.0,0.0,5226.0,78.0,-2154.0,-52.0,-1153.0
LA2_1517250578,420,1,Jax,TOP,28.6,6,8,11,140,6,26,9,2,2,0,1.117722988128662,0.7894348709000599,0,0,1,0,1,1,3,6.0,4.0,1.0,3.0,0.0,1.0,5758.0,87.0,-280.0,-16.0,-411.0
LA2_1526874606,440,0,Sejuani,JUNGLE,28.58,3,6,8,14,134,30,3,3,3,0,0.682977557182312,0.5323466229960853,0,0,1,0,0,1,3,2.0,2.0,4.0,1.0,0.0,1.0,5255.0,85.0,-941.0,-23.0,-1118.0
LA2_1525460217,440,0,Thresh,UTILITY,22.13,0,7,10,25,0,40,21,3,6,0,-0.1159488558769226,0.8581579289743421,0,0,1,0,0,0,0,0.0,4.0,4.0,11.0,2.0,4.0,3779.0,23.0,-1560.0,-5.0,-1147.0
LA2_1520644139,420,1,Anivia,MIDDLE,31.35,9,6,6,200,6,28,11,4,2,1,0.9099341630935668,0.4414904786413337,0,0,0,1,0,1,3,2.0,4.0,1.0,3.0,1.0,0.0,4862.0,95.0,-2688.0,-3.0,-682.0
LA2_1500357678,440,0,JarvanIV,JUNGLE,25.53,7,4,5,31,110,20,3,1,3,1,-0.3317652344703674,0.3734109540587849,0,0,1,0,0,0,4,4.0,2.0,1.0,2.0,1.0,2.0,5787.0,77.0,1164.0,-12.0,-294.0
LA2_1516721820,420,0,Vayne,BOTTOM,24.45,3,9,2,133,0,13,7,2,1,0,-0.2126449346542358,0.0,0,0,0,0,0,0,3,2.0,6.0,1.0,4.0,1.0,0.0,4589.0,83.0,-2543.0,-19.0,-1529.0
LA2_1525813438,440,0,Trundle,JUNGLE,29.37,1,6,9,8,129,17,3,3,3,1,-0.4749667048454284,0.3064555140315265,0,0,1,1,1,0,0,0.0,1.0,2.0,0.0,1.0,0.0,4435.0,80.0,-3062.0,-25.0,-1573.0
LA2_1526767519,440,1,Ezreal,BOTTOM,35.82,7,3,9,221,0,31,14,8,3,0,-0.0619382262229919,0.4567395572675574,0,0,1,1,0,1,1,0.0,1.0,0.0,5.0,3.0,0.0,4654.0,116.0,-627.0,-21.0,-244.0
LA2_1525801297,440,0,Trundle,JUNGLE,29.88,6,5,7,21,124,33,5,8,5,0,0.4068042039871216,0.7349911444027603,0,0,0,0,0,0,3,1.0,1.0,3.0,2.0,4.0,2.0,4789.0,83.0,-1506.0,-25.0,-1239.0
LA2_1526769628,440,1,Sejuani,JUNGLE,27.02,5,2,18,29,147,27,8,4,8,0,0.3233757019042969,0.528643531357767,0,0,0,1,1,0,1,3.0,1.0,5.0,2.0,1.0,2.0,5988.0,96.0,-634.0,-20.0,-357.0
LA2_1525892245,440,0,Vayne,BOTTOM,31.67,4,2,7,215,0,31,13,5,3,0,0.0843464136123657,0.3780710032606257,0,0,0,0,1,0,0,3.0,0.0,5.0,6.0,1.0,1.0,5739.0,100.0,316.0,-35.0,142.0
LA2_1520911727,420,1,Leblanc,MIDDLE,29.7,11,2,13,155,4,30,12,5,2,2,0.931849479675293,0.7527761473523453,0,0,0,1,1,1,1,4.0,1.0,2.0,5.0,1.0,1.0,5800.0,99.0,-614.0,0.0,550.0
LA2_1500969420,440,1,Sejuani,JUNGLE,42.6,6,5,21,31,225,38,6,9,6,0,0.4108937978744507,0.8552513456863143,0,0,0,0,0,0,6,2.0,0.0,4.0,1.0,2.0,1.0,5499.0,91.0,40.0,7.0,862.0
LA2_1554216563,420,0,Elise,UTILITY,28.6,7,10,10,31,0,60,27,4,3,1,-0.1434018611907959,0.6463421158287924,0,0,0,1,0,0,3,3.0,5.0,6.0,13.0,1.0,2.0,5108.0,18.0,537.0,-11.0,18.0
LA2_1526672125,440,0,Sejuani,JUNGLE,40.48,7,3,20,23,160,43,6,10,6,0,0.494841456413269,0.7143358774840148,0,0,0,1,0,0,3,1.0,0.0,5.0,2.0,2.0,2.0,5507.0,80.0,-1060.0,-28.0,-731.0
LA2_1553956643,420,1,Elise,UTILITY,39.45,8,6,14,61,0,98,40,12,5,1,-0.191364586353302,0.6279022895100951,0,0,0,0,0,1,2,1.0,1.0,3.0,13.0,2.0,3.0,4182.0,28.0,-1074.0,13.0,966.0
LA2_1520406182,420,1,Leblanc,MIDDLE,31.68,9,2,6,184,4,23,13,1,3,2,0.5907037258148193,0.6310657537753311,0,0,1,1,0,1,3,4.0,0.0,1.0,7.0,1.0,2.0,5916.0,102.0,534.0,-5.0,224.0
LA2_1526363810,440,1,Sejuani,JUNGLE,41.17,7,2,20,46,187,51,9,7,9,0,0.1259186267852783,0.6671477543557214,0,0,0,0,0,1,3,2.0,0.0,5.0,3.0,1.0,3.0,5493.0,95.0,771.0,21.0,587.0
LA2_1501090796,440,1,Sejuani,JUNGLE,33.77,7,4,15,26,171,37,7,6,7,0,0.4878578186035156,0.8434169782540952,0,0,1,0,0,1,6,6.0,2.0,4.0,4.0,1.0,4.0,6395.0,88.0,1636.0,0.0,1256.0
LA2_1518730755,420,0,Xayah,BOTTOM,24.47,2,6,1,119,6,8,2,3,0,1,-0.4867703318595886,0.0,0,0,1,0,0,1,3,1.0,5.0,1.0,2.0,1.0,0.0,4235.0,75.0,-2048.0,-44.0,-1718.0
LA2_1525910894,440,1,Thresh,UTILITY,37.02,4,7,20,42,2,80,38,6,7,2,0.488039493560791,0.6082517184275611,0,0,0,1,0,1,3,2.0,2.0,3.0,9.0,0.0,1.0,4303.0,23.0,427.0,3.0,162.0
LA2_1525616240,440,1,Blitzcrank,UTILITY,31.58,2,5,23,21,4,77,38,6,11,2,0.7660989761352539,0.5915951184961462,0,0,1,1,1,0,3,1.0,3.0,3.0,10.0,2.0,3.0,4082.0,19.0,-439.0,-7.0,-640.0
LA2_1505818960,420,1,Yone,TOP,29.98,0,14,1,110,16,11,6,0,0,0,-0.2663677334785461,0.0,0,0,0,0,1,0,0,0.0,8.0,1.0,3.0,0.0,0.0,3724.0,84.0,-2807.0,-28.0,-2988.0
LA2_1527025303,440,0,Sejuani,JUNGLE,29.1,2,8,11,18,140,24,2,5,2,0,-0.0688633918762207,0.8090271962290985,0,0,0,0,1,0,3,1.0,2.0,3.0,2.0,3.0,2.0,4894.0,90.0,-859.0,9.0,-569.0
LA2_1526389394,440,0,Thresh,UTILITY,31.62,6,9,14,36,0,74,37,7,8,0,-0.1443108916282653,0.7503677883408886,0,0,0,0,1,1,0,4.0,3.0,5.0,11.0,3.0,3.0,4910.0,28.0,1044.0,13.0,1010.0
LA2_1526926743,440,1,Blitzcrank,UTILITY,32.18,1,8,21,31,0,90,42,6,7,0,0.2085630893707275,0.614950209564079,0,0,1,0,0,1,3,0.0,3.0,7.0,14.0,2.0,4.0,3848.0,17.0,-692.0,0.0,-485.0
LA2_1516730901,420,1,Varus,BOTTOM,31.18,14,3,6,214,12,17,11,1,2,2,-0.0926929712295532,0.3918674449022564,0,0,0,0,1,0,0,7.0,2.0,1.0,5.0,1.0,1.0,6615.0,97.0,1596.0,22.0,765.0
LA2_1554292822,420,1,Thresh,UTILITY,23.58,2,2,15,16,0,53,25,3,3,0,0.2412618398666381,0.1822048972792711,1,0,1,1,1,0,0,2.0,2.0,6.0,14.0,2.0,2.0,4579.0,15.0,398.0,-15.0,-722.0
LA2_1554122181,420,0,Elise,UTILITY,33.57,7,11,13,35,0,82,35,10,5,3,-0.252064049243927,0.6754394616600545,1,0,1,0,1,0,0,4.0,3.0,5.0,11.0,4.0,3.0,5356.0,22.0,1083.0,-7.0,15.0
LA2_1525485632,440,1,Braum,UTILITY,31.6,2,4,28,31,0,62,36,8,8,2,0.002398133277893,0.6143379601296324,1,0,0,1,0,1,3,1.0,2.0,7.0,10.0,3.0,2.0,4948.0,23.0,680.0,-3.0,125.0
LA2_1524383212,440,1,Vayne,BOTTOM,31.42,10,2,6,214,20,30,11,9,2,1,0.8831319808959961,0.6853640665100427,0,0,1,1,0,1,3,4.0,1.0,3.0,5.0,1.0,1.0,5734.0,105.0,762.0,-18.0,243.0
LA2_1526757911,440,1,Sejuani,JUNGLE,27.65,8,7,13,19,131,15,5,1,5,0,-0.6041734218597412,0.7849363910542064,0,0,1,1,1,1,0,3.0,4.0,2.0,2.0,1.0,2.0,5223.0,77.0,-1410.0,-35.0,-712.0
LA2_1526057558,440,1,Thresh,UTILITY,39.43,3,7,19,31,0,108,52,9,11,2,0.1468346118927002,0.4481776754117046,0,0,0,0,0,0,0,1.0,3.0,5.0,12.0,3.0,3.0,4748.0,18.0,208.0,-6.0,-789.0
LA2_1524593938,440,0,Vayne,BOTTOM,23.62,5,8,7,131,0,11,8,0,0,0,-0.0339714884757995,0.0,0,0,0,0,0,0,0,1.0,5.0,2.0,4.0,0.0,0.0,4232.0,76.0,-3923.0,-59.0,-930.0
LA2_1519010571,420,1,KSante,TOP,26.97,9,3,10,165,4,18,10,2,1,0,-0.4593477845191955,0.3594301989099321,0,0,0,1,0,1,1,5.0,2.0,2.0,5.0,0.0,0.0,5910.0,103.0,1219.0,34.0,2221.0
LA2_1553683910,420,0,Thresh,UTILITY,28.13,2,6,4,21,2,57,25,4,4,0,-0.2426861524581909,0.3410348812205919,0,0,0,1,0,0,3,1.0,1.0,2.0,10.0,0.0,2.0,3733.0,16.0,-160.0,-9.0,-247.0
LA2_1553970963,420,1,Elise,UTILITY,22.22,10,4,4,19,2,38,18,5,4,1,-0.0715768337249755,0.6543094299276218,2,0,0,1,0,1,3,6.0,2.0,3.0,11.0,1.0,3.0,5939.0,16.0,1336.0,-3.0,1460.0
LA2_1526740222,440,0,Thresh,UTILITY,28.27,3,5,5,40,0,71,32,11,5,0,0.0763392448425293,0.7928767049130373,0,0,0,0,1,0,0,2.0,1.0,0.0,12.0,3.0,3.0,3713.0,30.0,-420.0,0.0,299.0
LA2_1552778750,440,1,Sejuani,JUNGLE,35.53,2,5,16,17,195,39,3,7,2,0,0.0463948249816894,0.7766076779699785,0,0,1,1,0,0,3,1.0,3.0,3.0,2.0,0.0,1.0,4766.0,70.0,-1874.0,-35.0,-2023.0
LA2_1527080479,440,0,Ezreal,BOTTOM,27.05,2,6,5,164,0,10,7,1,2,0,-0.5875701904296875,0.0,0,0,0,0,1,0,0,2.0,5.0,1.0,3.0,0.0,0.0,4635.0,89.0,-3045.0,-26.0,-1425.0
LA2_1526530187,440,0,Thresh,UTILITY,28.68,0,5,15,28,0,62,33,5,5,0,-0.1047041416168212,0.7278992322117418,0,0,0,1,1,0,0,0.0,2.0,6.0,13.0,3.0,2.0,3682.0,24.0,-233.0,10.0,-574.0
LA2_1522274439,420,1,Trundle,JUNGLE,20.08,7,2,8,9,110,17,3,1,3,0,-0.0828397870063781,0.7629882677972654,0,0,1,1,1,1,3,3.0,1.0,5.0,3.0,1.0,3.0,5697.0,87.0,227.0,-3.0,51.0
LA2_1518957898,420,0,Trundle,JUNGLE,28.02,2,11,3,20,125,23,10,1,2,2,0.1646574735641479,0.7331043779756824,0,0,1,1,0,0,3,1.0,5.0,0.0,4.0,1.0,1.0,4489.0,76.0,-1561.0,-11.0,-676.0
LA2_1520669392,420,1,Cassiopeia,MIDDLE,29.25,8,5,7,189,4,31,11,7,2,1,0.259513258934021,0.7148194789136267,0,0,0,1,1,0,3,1.0,1.0,4.0,6.0,2.0,1.0,5205.0,116.0,278.0,7.0,251.0
LA2_1527048075,440,0,Ezreal,BOTTOM,30.1,4,1,5,213,0,24,12,4,2,0,-0.0184422135353088,0.0,0,0,1,0,0,0,3,1.0,0.0,3.0,5.0,2.0,1.0,4898.0,110.0,-729.0,-4.0,-421.0
LA2_1525477694,440,1,Braum,UTILITY,29.33,2,6,17,30,0,62,26,9,4,0,-0.2045756578445434,0.2566637382948348,0,0,0,0,0,0,3,0.0,2.0,6.0,12.0,5.0,2.0,4248.0,23.0,-216.0,2.0,328.0
LA2_1525137564,440,0,Sejuani,JUNGLE,33.4,1,4,7,16,152,31,5,5,5,0,0.1277693510055542,0.6803752833185309,0,0,0,0,1,0,0,1.0,0.0,5.0,1.0,2.0,1.0,5053.0,83.0,199.0,-22.0,-420.0
LA2_1554466814,420,1,Thresh,UTILITY,28.17,1,5,16,32,0,65,30,10,5,1,-0.1430415511131286,0.4898488650304573,0,0,1,0,0,1,0,1.0,1.0,6.0,7.0,4.0,2.0,4392.0,25.0,114.0,7.0,449.0
LA2_1524731617,440,1,Trundle,JUNGLE,30.02,7,5,16,11,151,20,4,3,4,2,-0.1656667590141296,0.5515433629895845,0,0,1,1,1,1,0,1.0,2.0,7.0,1.0,1.0,1.0,4991.0,79.0,116.0,-11.0,179.0
LA2_1520003669,420,1,Pantheon,JUNGLE,17.2,2,1,4,16,98,14,3,1,3,2,0.6178842782974243,0.6665734273528638,0,0,1,1,0,1,3,2.0,1.0,4.0,3.0,1.0,3.0,5878.0,95.0,447.0,18.0,1354.0
LA2_1520195703,420,1,Ahri,MIDDLE,30.08,15,2,7,211,4,29,15,4,2,4,0.10834801197052,0.618935165728244,2,0,0,1,1,0,3,4.0,0.0,2.0,6.0,1.0,1.0,6424.0,117.0,1631.0,11.0,1995.0
LA2_1525833085,440,0,Blitzcrank,UTILITY,27.13,0,3,18,20,0,75,34,9,9,0,1.2019615173339844,0.7560834549663448,0,0,1,0,1,1,3,0.0,2.0,8.0,13.0,2.0,4.0,3740.0,11.0,-122.0,-16.0,-1041.0
LA2_1552598575,440,1,JarvanIV,JUNGLE,39.7,2,10,25,21,116,33,8,5,8,0,0.2216747999191284,0.7791700135721888,0,0,0,0,1,1,3,1.0,4.0,4.0,2.0,0.0,2.0,4314.0,60.0,-1529.0,-30.0,-966.0
LA2_1518947646,420,0,Trundle,JUNGLE,29.25,6,6,10,40,130,34,5,6,3,1,0.1743248701095581,0.2386863496353739,0,0,1,0,1,0,2,2.0,2.0,5.0,3.0,3.0,1.0,5258.0,85.0,-882.0,3.0,-328.0
LA2_1554101114,420,1,Elise,UTILITY,23.2,6,5,10,24,0,51,22,3,3,2,0.5696511268615723,0.5713482183815352,1,0,0,1,0,1,3,4.0,3.0,5.0,13.0,1.0,1.0,5300.0,21.0,-654.0,-16.0,-1938.0
LA2_1516715791,420,1,Vayne,BOTTOM,27.47,21,4,2,162,36,22,9,3,2,6,0.599364161491394,0.7420417955288856,2,0,0,1,1,1,3,14.0,3.0,0.0,4.0,2.0,1.0,8862.0,92.0,4331.0,37.0,754.0
LA2_1522246780,420,0,Leblanc,MIDDLE,24.2,6,2,4,153,0,20,11,1,3,0,0.3601667881011963,0.7130529379610006,2,0,0,0,0,0,0,5.0,2.0,1.0,7.0,1.0,2.0,5690.0,91.0,-249.0,-18.0,-1285.0
LA2_1552633784,440,1,Sejuani,JUNGLE,39.93,6,6,32,26,201,52,6,12,6,0,0.0177408456802368,0.8733901216093013,0,0,0,0,0,1,3,4.0,2.0,5.0,2.0,2.0,2.0,6264.0,88.0,-1700.0,-17.0,-375.0
LA2_1523538017,440,1,Vayne,BOTTOM,31.15,9,1,4,210,15,26,12,5,2,1,-0.1245943307876586,0.4769897302889674,0,0,0,1,1,0,3,2.0,0.0,2.0,5.0,1.0,1.0,5557.0,112.0,1189.0,18.0,1220.0
LA2_1552576190,440,1,JarvanIV,JUNGLE,32.78,3,1,22,33,171,32,6,6,5,1,0.4515912532806396,0.6240401822375036,0,0,0,1,0,0,3,1.0,0.0,7.0,2.0,1.0,1.0,5230.0,86.0,1.0,-4.0,331.0
LA2_1523463142,440,0,Trundle,JUNGLE,34.13,3,5,12,27,167,31,7,7,7,0,0.482629656791687,0.7654939488888872,0,0,1,1,0,1,3,0.0,2.0,6.0,2.0,2.0,2.0,4903.0,93.0,-708.0,3.0,4.0
LA2_1526691232,440,0,Thresh,UTILITY,21.57,1,9,8,26,4,45,17,7,5,0,-0.2361024022102356,0.7379245268573579,1,0,0,1,1,1,2,1.0,4.0,4.0,12.0,3.0,4.0,4020.0,24.0,-271.0,-1.0,-701.0
LA2_1518912246,420,0,Shyvana,JUNGLE,41.58,14,7,8,158,197,43,6,7,5,2,0.6163942813873291,0.8611082049728962,0,0,0,1,0,0,1,4.0,1.0,1.0,5.0,2.0,4.0,6545.0,116.0,1253.0,13.0,-307.0
LA2_1515650037,420,0,Vi,JUNGLE,29.03,4,6,17,21,130,26,3,7,3,4,-0.3970297574996948,0.5518116523166555,0,0,1,1,0,1,3,1.0,3.0,6.0,2.0,2.0,2.0,5524.0,82.0,-505.0,-40.0,-1353.0
LA2_1554448099,420,0,Thresh,UTILITY,24.67,3,10,8,11,0,39,24,1,5,2,-0.2270653247833252,0.7667460879785989,0,0,1,0,1,0,1,3.0,6.0,4.0,14.0,0.0,3.0,5211.0,9.0,263.0,-3.0,251.0
LA2_1520106944,420,1,Ahri,MIDDLE,18.32,6,2,5,121,0,10,9,1,3,2,-0.3536829352378845,0.2826572298854816,1,0,1,1,0,1,0,3.0,2.0,4.0,6.0,1.0,2.0,5748.0,99.0,660.0,-16.0,713.0
LA2_1524860656,440,1,Sejuani,JUNGLE,29.58,4,4,14,28,157,27,5,5,5,0,-0.043303906917572,0.7268161215772528,0,0,1,1,0,1,3,1.0,4.0,4.0,3.0,4.0,3.0,4851.0,77.0,-479.0,-26.0,-1397.0
LA2_1518923297,420,1,Trundle,JUNGLE,34.95,7,4,10,63,199,27,5,3,3,4,0.103885531425476,0.6841987004596298,0,0,0,1,1,1,0,0.0,1.0,2.0,3.0,1.0,1.0,5226.0,104.0,-662.0,2.0,-199.0
LA2_1526997759,440,1,Thresh,UTILITY,34.77,2,8,24,25,0,97,50,6,9,0,0.3466371297836303,0.5170923151019371,0,0,0,1,0,1,3,1.0,7.0,5.0,11.0,2.0,1.0,4070.0,18.0,-1567.0,6.0,-1530.0
LA2_1526396872,440,1,Sejuani,JUNGLE,32.83,5,2,14,37,187,28,5,4,5,0,-0.3450098633766174,0.6861252017299184,0,0,1,1,1,1,3,1.0,1.0,4.0,2.0,1.0,2.0,4973.0,91.0,480.0,-10.0,-508.0
LA2_1525770973,440,1,Thresh,UTILITY,31.13,1,4,13,25,2,70,29,5,4,0,0.6647436618804932,0.6906643634247362,0,0,0,1,0,1,3,1.0,1.0,3.0,10.0,1.0,1.0,3836.0,21.0,281.0,2.0,-44.0
LA2_1526042538,440,1,Thresh,UTILITY,44.1,2,4,16,33,0,136,75,5,17,0,0.0493278503417968,0.8610654284697158,0,0,0,1,0,0,0,0.0,1.0,3.0,14.0,0.0,3.0,3482.0,22.0,-414.0,-4.0,0.0
LA2_1518589491,420,0,Vayne,BOTTOM,29.73,1,7,6,180,4,17,13,1,4,0,-0.3388192653656006,0.5502620534211359,0,0,0,0,0,0,0,1.0,2.0,3.0,6.0,0.0,2.0,4733.0,101.0,-3349.0,-33.0,-1260.0
LA2_1500983836,440,0,Sejuani,JUNGLE,47.12,4,7,19,46,183,41,8,1,8,0,0.1329621076583862,0.8691951559093299,0,0,0,1,0,0,6,2.0,0.0,5.0,4.0,0.0,4.0,5243.0,87.0,968.0,18.0,1141.0
LA2_1510534048,440,1,Sejuani,JUNGLE,32.45,5,3,20,44,160,28,6,3,2,0,-0.0398411154747009,0.5364979358093577,0,0,0,0,0,1,3,4.0,2.0,6.0,4.0,1.0,0.0,5855.0,91.0,-259.0,-7.0,-439.0
LA2_1526295889,440,0,Thresh,UTILITY,31.4,3,5,12,42,0,80,33,10,6,0,0.0598328113555908,0.8572263967530384,0,0,1,0,0,1,3,2.0,0.0,5.0,10.0,2.0,3.0,4235.0,30.0,1057.0,10.0,737.0
LA2_1526887342,440,0,Thresh,UTILITY,49.43,2,11,24,48,4,166,84,16,15,0,0.2075930833816528,0.7623957692145519,0,0,1,0,1,0,0,1.0,1.0,4.0,12.0,2.0,2.0,3786.0,31.0,275.0,0.0,67.0
LA2_1526939589,440,1,Leona,UTILITY,33.58,2,2,26,37,2,89,31,16,7,0,-0.0121822953224182,0.703540802661774,0,0,0,0,1,1,3,2.0,0.0,4.0,11.0,5.0,2.0,4251.0,23.0,682.0,3.0,50.0
LA2_1525467394,440,1,Blitzcrank,UTILITY,35.95,3,6,18,22,0,93,50,9,6,0,-0.1847049593925476,0.8260723907998722,0,0,0,0,1,1,0,1.0,2.0,5.0,12.0,2.0,2.0,3867.0,12.0,-959.0,-5.0,-1206.0
LA2_1523425377,440,0,Trundle,JUNGLE,40.42,5,4,11,43,208,54,6,19,6,0,1.3690168857574463,0.5636863123079411,0,0,0,0,0,1,0,3.0,1.0,0.0,0.0,1.0,0.0,5946.0,110.0,953.0,17.0,1210.0
LA2_1500868686,440,0,JarvanIV,JUNGLE,33.1,1,12,13,20,125,32,5,5,5,0,-0.1885856986045837,0.874790040712483,0,0,1,0,0,0,2,0.0,5.0,3.0,2.0,0.0,2.0,4343.0,74.0,-2170.0,-28.0,-1219.0
LA2_1519522839,420,1,Trundle,JUNGLE,25.22,5,4,10,6,127,21,6,2,6,3,-0.221444547176361,0.7207241640264639,0,0,1,1,0,1,3,4.0,3.0,3.0,2.0,1.0,2.0,5853.0,76.0,-104.0,-29.0,-640.0
LA2_1516972727,420,1,Caitlyn,BOTTOM,40.03,26,5,9,289,39,42,20,7,7,3,0.2040302753448486,0.6863345660610245,0,0,0,0,0,0,3,7.0,2.0,0.0,8.0,0.0,3.0,6801.0,100.0,1657.0,-12.0,456.0
LA2_1527006020,440,0,Thresh,UTILITY,25.77,6,10,11,19,0,48,20,6,5,0,0.2743359804153442,0.7084158919305866,0,0,0,0,1,0,2,5.0,4.0,6.0,10.0,1.0,2.0,5164.0,12.0,274.0,-2.0,-266.0
LA2_1554232187,420,1,Elise,UTILITY,33.58,7,6,13,41,12,90,29,12,5,1,0.1897296905517578,0.7716494317708427,0,0,1,1,1,0,3,2.0,2.0,6.0,8.0,1.0,2.0,4598.0,18.0,-38.0,-1.0,-10.0
LA2_1520010420,420,0,Pantheon,JUNGLE,24.22,3,7,3,27,110,20,4,2,4,0,1.657231092453003,0.7473591630415839,0,0,0,0,1,0,1,3.0,3.0,2.0,3.0,1.0,3.0,5729.0,81.0,4.0,3.0,-467.0
LA2_1554156630,420,0,Elise,UTILITY,34.1,7,8,12,34,0,95,36,8,5,1,-0.0528915524482727,0.7592864616994213,0,0,0,1,1,1,0,0.0,2.0,7.0,12.0,2.0,2.0,4354.0,11.0,1106.0,1.0,377.0
LA2_1526439953,440,1,Thresh,UTILITY,27.6,2,2,9,27,0,72,31,9,9,3,0.8919346332550049,0.5887756979144129,0,0,1,1,1,1,3,1.0,0.0,7.0,12.0,3.0,4.0,4552.0,16.0,1073.0,-4.0,-109.0
LA2_1526228682,440,1,Thresh,UTILITY,33.65,1,5,13,47,0,90,38,10,4,1,0.0228774547576904,0.4435440218160356,0,0,0,0,0,0,3,1.0,2.0,0.0,10.0,2.0,1.0,3554.0,32.0,-412.0,13.0,-557.0
LA2_1504950555,420,1,Trundle,TOP,24.78,3,5,1,195,4,19,10,2,2,5,0.5492030382156372,0.6166762884248588,0,0,0,1,1,1,0,1.0,2.0,0.0,6.0,0.0,2.0,5911.0,119.0,1052.0,17.0,-305.0
LA2_1516760891,420,1,Jhin,BOTTOM,30.05,6,3,5,181,20,19,11,2,2,3,0.908393621444702,0.0692432067652096,0,0,0,1,0,1,3,3.0,1.0,2.0,11.0,0.0,1.0,5644.0,107.0,1274.0,8.0,-118.0
LA2_1526824514,440,0,Ezreal,BOTTOM,39.52,12,6,12,261,4,19,16,2,3,0,-0.0376666784286499,0.2652907857115181,0,0,1,0,0,1,3,0.0,0.0,0.0,4.0,1.0,0.0,4784.0,126.0,-393.0,-14.0,63.0
LA2_1522282586,420,1,Trundle,JUNGLE,31.88,8,5,14,22,150,29,10,4,10,0,-0.1490726470947265,0.695658081664206,0,0,0,1,0,1,0,4.0,3.0,2.0,2.0,3.0,2.0,5930.0,86.0,-10.0,-4.0,-601.0
LA2_1518902960,420,0,Shyvana,JUNGLE,25.05,2,10,5,45,145,15,2,3,1,0,-0.1374873518943786,0.343060488912319,0,0,0,0,1,0,3,1.0,5.0,5.0,1.0,2.0,0.0,5694.0,121.0,-1769.0,15.0,-140.0
LA2_1553716300,420,1,Elise,UTILITY,26.95,11,4,5,59,8,52,18,11,1,5,-0.1778075695037841,0.501276765185325,0,0,1,1,1,1,3,6.0,2.0,3.0,7.0,5.0,1.0,6676.0,39.0,2621.0,21.0,1093.0
LA2_1504907746,440,0,Smolder,BOTTOM,28.22,1,6,5,192,8,18,10,4,0,0,1.109113693237305,0.0,0,0,0,0,0,0,2,0.0,3.0,0.0,5.0,2.0,0.0,4119.0,97.0,-2386.0,-41.0,-1839.0
LA2_1505851529,420,0,KSante,UTILITY,27.05,8,8,2,67,0,26,10,4,1,2,-0.5538649559020996,0.2946241812330652,1,0,0,1,0,0,3,5.0,4.0,1.0,7.0,2.0,0.0,5453.0,35.0,565.0,23.0,-523.0
LA2_1526287244,440,1,Thresh,UTILITY,26.58,3,0,15,20,0,59,29,1,6,3,0.5497164726257324,0.4426088923349382,0,0,0,1,1,1,3,0.0,0.0,5.0,11.0,1.0,3.0,3704.0,19.0,403.0,-1.0,-596.0
LA2_1524893343,440,1,Vayne,BOTTOM,39.75,21,6,6,208,44,42,16,10,2,0,0.3018484115600586,0.0,0,0,0,0,0,1,3,6.0,3.0,1.0,7.0,3.0,2.0,6406.0,92.0,675.0,-2.0,216.0
LA2_1526421321,440,1,Thresh,UTILITY,35.37,3,4,20,38,0,102,40,14,9,0,0.3868290185928345,0.8616367580805763,0,0,1,1,0,0,3,2.0,1.0,3.0,14.0,6.0,5.0,4108.0,23.0,171.0,-6.0,-281.0
LA2_1526653992,440,1,Sejuani,JUNGLE,36.55,3,3,9,19,189,55,9,10,9,0,0.1764050722122192,0.6307231773781992,0,0,0,1,1,1,3,1.0,2.0,3.0,2.0,4.0,2.0,4931.0,86.0,-452.0,-2.0,-437.0
LA2_1500583802,440,1,JarvanIV,JUNGLE,28.9,9,2,21,23,151,32,7,4,7,0,0.2547049522399902,0.7464641392141316,0,0,1,1,1,1,6,1.0,2.0,9.0,3.0,3.0,3.0,5510.0,90.0,25.0,5.0,343.0
LA2_1526585462,440,1,Sejuani,JUNGLE,33.37,10,5,19,25,144,46,7,11,7,0,0.4727493524551391,0.8218164885772147,0,0,1,1,1,1,3,3.0,1.0,6.0,2.0,1.0,2.0,5776.0,91.0,-1299.0,-10.0,255.0
LA2_1526130281,440,1,Sejuani,JUNGLE,30.2,6,4,15,12,117,26,7,3,7,0,-0.2755599021911621,0.7171828916669184,0,0,0,0,0,0,0,3.0,2.0,1.0,3.0,1.0,3.0,5637.0,67.0,539.0,-18.0,-434.0
LA2_1525550636,440,0,Leona,UTILITY,18.85,0,3,10,24,0,31,17,3,2,0,-0.3391432762145996,0.6831188918222674,0,0,1,1,1,0,0,0.0,2.0,7.0,13.0,3.0,2.0,3973.0,23.0,-552.0,11.0,183.0
LA2_1526453461,440,1,Sejuani,JUNGLE,31.45,4,0,13,22,169,31,6,6,6,0,0.1595261096954345,0.7445524212457695,0,0,0,0,0,1,3,1.0,0.0,4.0,2.0,3.0,2.0,5221.0,90.0,559.0,-6.0,-343.0
LA2_1504933509,420,0,Trundle,TOP,28.32,2,10,3,153,0,21,11,1,2,0,-0.0162292122840881,0.6668649886957663,0,0,1,0,0,0,1,0.0,5.0,1.0,6.0,1.0,1.0,3527.0,52.0,-3599.0,-75.0,-3143.0
LA2_1526725617,440,0,Sejuani,JUNGLE,32.13,4,4,17,46,140,22,3,7,3,0,-0.2157554626464843,0.3005589437256622,0,0,0,0,0,1,1,1.0,1.0,3.0,0.0,2.0,0.0,4958.0,86.0,-469.0,-15.0,-418.0
LA2_1505860465,420,1,KSante,UTILITY,32.35,2,11,10,57,4,48,15,6,2,4,-0.3984697461128235,0.5533564524193133,0,0,1,1,1,1,3,1.0,5.0,3.0,4.0,1.0,1.0,4472.0,36.0,-526.0,18.0,761.0
LA2_1526102322,440,0,Braum,UTILITY,30.05,2,6,22,19,0,80,39,4,9,1,-0.0385558605194091,0.7023041193192607,0,0,0,0,1,1,0,0.0,3.0,6.0,13.0,1.0,3.0,3956.0,14.0,-369.0,4.0,801.0
LA2_1526856006,440,1,Sejuani,JUNGLE,18.55,0,1,10,2,110,20,5,1,5,0,0.212471604347229,0.7367315063309511,0,0,1,1,1,0,3,0.0,0.0,6.0,4.0,1.0,4.0,5161.0,100.0,221.0,8.0,631.0
LA2_1524372113,440,0,Trundle,JUNGLE,20.12,5,6,4,35,88,12,2,2,2,0,0.375874400138855,0.5880148856335481,0,0,0,0,0,0,0,4.0,4.0,4.0,2.0,2.0,2.0,6136.0,93.0,1121.0,8.0,-117.0
LA2_1525357334,440,0,Jax,TOP,21.67,0,6,0,82,0,14,7,2,0,0,0.6026068925857544,0.0,0,0,0,0,0,0,3,0.0,4.0,0.0,6.0,1.0,0.0,3273.0,52.0,-3686.0,-69.0,-2625.0
LA2_1518601393,420,1,Tristana,BOTTOM,33.4,9,4,8,208,21,29,13,6,3,3,0.4011276960372925,0.1964313130865354,0,0,0,1,0,1,3,2.0,3.0,1.0,6.0,2.0,1.0,5844.0,116.0,23.0,12.0,564.0
LA2_1526001290,440,1,Ezreal,BOTTOM,32.13,18,4,10,194,12,14,6,5,0,0,-0.2777424454689026,0.0,1,0,1,1,1,1,3,3.0,3.0,3.0,2.0,1.0,0.0,5189.0,85.0,-2661.0,-40.0,-850.0
LA2_1505748433,420,0,Ryze,MIDDLE,29.15,2,14,2,170,0,16,9,1,1,1,-0.1947022080421447,0.7141303767554035,0,0,0,0,0,0,2,1.0,7.0,1.0,4.0,1.0,1.0,4449.0,74.0,-2063.0,-16.0,-2720.0
LA2_1524690220,440,0,Ezreal,BOTTOM,34.28,4,4,10,221,4,23,13,1,1,1,0.0105972290039062,0.0,0,0,1,0,1,1,0,1.0,0.0,3.0,6.0,0.0,1.0,5258.0,119.0,806.0,19.0,77.0
LA2_1525941929,440,0,Thresh,UTILITY,33.72,2,6,11,34,0,78,33,10,7,0,0.1354279518127441,0.7226594936865423,0,0,1,0,1,0,0,2.0,1.0,7.0,8.0,1.0,2.0,4601.0,21.0,94.0,13.0,925.0
LA2_1524358072,440,0,Smolder,BOTTOM,31.18,1,5,5,210,15,16,12,2,3,1,-0.0835839509963989,0.0,0,0,1,0,0,0,0,1.0,0.0,2.0,5.0,0.0,1.0,5121.0,112.0,929.0,16.0,807.0
LA2_1526245763,440,0,Sejuani,JUNGLE,30.33,1,6,10,10,149,22,5,2,5,0,-0.1956892013549804,0.5134034496452281,0,0,0,1,0,1,3,0.0,1.0,3.0,3.0,1.0,3.0,4577.0,80.0,-32.0,-7.0,49.0
LA2_1524790724,440,0,Trundle,JUNGLE,26.53,4,7,8,22,101,25,3,8,3,0,0.8949159383773804,0.0450183973240858,0,0,0,0,1,0,1,2.0,2.0,2.0,0.0,3.0,0.0,4964.0,84.0,-323.0,-10.0,-583.0
LA2_1524724678,440,1,Trundle,JUNGLE,26.85,4,1,5,37,148,28,5,6,5,5,0.1516327857971191,0.5502280741673902,0,0,1,1,1,1,2,2.0,1.0,0.0,1.0,2.0,1.0,5915.0,92.0,1076.0,-4.0,-304.0
LA2_1526702600,440,1,Ezreal,BOTTOM,33.73,4,1,9,235,16,30,13,8,2,0,-0.0566496849060058,0.0,0,0,0,0,1,0,3,1.0,1.0,0.0,4.0,0.0,0.0,4547.0,98.0,-1764.0,-58.0,-747.0
LA2_1552560398,440,0,Ezreal,BOTTOM,20.65,1,6,2,120,0,13,6,0,1,0,0.3830523490905761,0.6061707324721174,0,0,0,0,1,0,0,0.0,3.0,0.0,5.0,0.0,1.0,3925.0,86.0,-3899.0,-47.0,-1573.0
LA2_1500573198,440,0,Illaoi,TOP,40.08,15,5,5,274,4,46,17,5,3,3,1.001690149307251,0.7984584292113879,0,0,0,1,0,1,3,5.0,0.0,0.0,52.0,1.0,1.0,6618.0,105.0,2267.0,10.0,2194.0
LA2_1526276277,440,0,Thresh,UTILITY,28.63,1,3,6,23,0,67,39,6,7,0,0.2763040065765381,0.7676155142389762,0,0,1,1,1,0,1,1.0,0.0,3.0,12.0,2.0,2.0,3743.0,19.0,111.0,-1.0,348.0
LA2_1524342205,440,0,Vayne,BOTTOM,28.93,6,2,2,190,4,22,11,4,1,1,0.2005727291107177,0.0,0,0,0,0,0,0,2,2.0,0.0,1.0,5.0,1.0,0.0,5232.0,104.0,-90.0,-34.0,89.0
LA2_1516533212,420,0,Jhin,BOTTOM,31.98,7,6,4,175,0,22,12,5,3,0,0.2459763288497924,0.0,0,0,1,0,1,0,0,4.0,1.0,2.0,16.0,2.0,1.0,5474.0,89.0,861.0,-3.0,-524.0
LA2_1501002562,440,1,Sejuani,JUNGLE,27.47,4,2,16,21,125,30,7,2,7,0,1.374539136886597,0.8010717644682092,0,0,1,1,1,1,6,3.0,0.0,7.0,4.0,1.0,4.0,5898.0,89.0,1796.0,9.0,247.0
LA2_1505811838,420,0,Smolder,BOTTOM,24.8,1,9,2,116,0,9,6,0,0,0,-0.3623151183128357,0.0,0,0,1,0,1,0,0,1.0,5.0,0.0,4.0,0.0,0.0,3881.0,77.0,-1920.0,-28.0,-1025.0
LA2_1527015279,440,0,Thresh,UTILITY,16.82,1,5,4,22,0,23,11,2,2,0,-0.3077911138534546,0.3087215670136629,0,0,0,0,0,0,1,1.0,4.0,4.0,10.0,2.0,2.0,3926.0,22.0,-643.0,6.0,-84.0
LA2_1509278532,420,1,Smolder,BOTTOM,26.83,7,4,10,175,12,17,9,3,3,3,-0.1373403072357177,0.2694919000709518,0,0,1,0,1,1,0,2.0,2.0,3.0,4.0,0.0,2.0,5443.0,103.0,-110.0,-16.0,-27.0
LA2_1527057376,440,1,Ezreal,BOTTOM,28.45,6,2,4,218,8,19,13,1,4,2,-0.1803987026214599,0.354788343925659,0,0,0,1,0,1,2,2.0,1.0,0.0,5.0,0.0,0.0,5200.0,118.0,821.0,21.0,941.0
LA2_1554274045,420,1,Thresh,UTILITY,33.37,3,3,23,26,0,82,36,10,4,4,0.0264391899108886,0.0521542391705764,0,0,0,1,1,1,2,0.0,0.0,8.0,11.0,4.0,2.0,4416.0,19.0,940.0,-10.0,63.0
LA2_1525338614,440,0,Vayne,BOTTOM,29.52,1,4,4,158,14,20,10,4,2,0,-0.259257972240448,0.058305487829351,0,0,0,0,0,1,3,0.0,2.0,2.0,4.0,2.0,0.0,3835.0,72.0,-1762.0,-48.0,-846.0
LA2_1525370147,440,0,Trundle,JUNGLE,20.5,1,2,1,12,106,12,1,5,1,0,-0.3642674088478088,0.6684956159349471,0,0,1,0,1,0,2,1.0,2.0,1.0,1.0,2.0,1.0,4501.0,83.0,-517.0,1.0,-385.0
LA2_1500876964,440,1,Sejuani,JUNGLE,26.85,4,2,15,29,125,30,7,4,7,0,1.2886338233947754,0.6522217787318173,0,0,1,1,1,1,2,4.0,0.0,5.0,4.0,3.0,4.0,5991.0,87.0,2096.0,13.0,1207.0
LA2_1526952102,440,1,Leona,UTILITY,28.07,2,0,22,26,2,63,25,4,7,1,0.343507170677185,0.5156553091780777,0,0,1,1,0,1,3,1.0,0.0,6.0,8.0,3.0,2.0,4229.0,24.0,793.0,-2.0,585.0
LA2_1520060787,420,0,Trundle,JUNGLE,32.23,4,8,11,28,132,21,5,4,5,0,-0.6187371015548706,0.7415100610616959,0,0,0,0,1,0,1,1.0,3.0,4.0,2.0,1.0,2.0,4890.0,73.0,-666.0,-18.0,-803.0
LA2_1554458121,420,1,Thresh,UTILITY,25.88,5,2,25,23,0,50,19,5,4,0,0.375485897064209,0.8004844805636401,1,0,1,1,1,1,1,3.0,1.0,12.0,11.0,2.0,2.0,4884.0,15.0,1491.0,1.0,885.0
LA2_1517265581,420,1,Xayah,BOTTOM,25.13,8,3,8,182,8,22,9,4,2,6,-0.1725155115127563,0.0526379631809139,0,0,1,1,0,1,3,3.0,2.0,2.0,6.0,1.0,1.0,6365.0,113.0,490.0,-8.0,1444.0
LA2_1525394643,440,1,Malphite,TOP,42.5,7,8,20,194,9,53,19,6,4,0,-0.1102703809738159,0.7628958955657844,0,0,0,1,1,1,3,1.0,3.0,3.0,5.0,0.0,1.0,4327.0,66.0,-1194.0,-41.0,-1057.0
LA2_1526605993,440,1,Sejuani,JUNGLE,40.27,5,4,19,18,227,47,9,7,9,0,0.1966637372970581,0.8679992403446136,0,0,0,1,1,1,3,1.0,1.0,6.0,2.0,3.0,2.0,5304.0,94.0,-418.0,-31.0,-1868.0
LA2_1525868376,440,0,Blitzcrank,UTILITY,26.82,1,5,7,19,0,56,25,6,5,0,0.2545260190963745,0.8074463694956293,0,0,0,0,1,0,3,0.0,2.0,6.0,9.0,4.0,3.0,3627.0,16.0,-912.0,-7.0,-1222.0
LA2_1525787647,440,0,Trundle,JUNGLE,28.75,4,4,17,12,157,22,3,2,3,0,-0.2059371471405029,0.7031272255289515,0,0,0,0,1,1,0,1.0,2.0,7.0,2.0,1.0,2.0,5066.0,81.0,-1720.0,-23.0,-723.0
LA2_1522701106,420,1,Trundle,JUNGLE,23.82,3,1,8,31,123,27,6,4,6,4,0.6339645385742188,0.7639282779156226,0,0,0,1,1,1,0,2.0,1.0,4.0,3.0,3.0,3.0,5522.0,81.0,-275.0,-15.0,-713.0
LA2_1518987132,420,0,Trundle,TOP,22.02,2,5,0,165,0,9,6,0,0,4,-0.3335033655166626,0.0,0,0,0,0,0,0,0,0.0,3.0,0.0,4.0,0.0,0.0,4906.0,104.0,-50.0,10.0,-557.0
LA2_1525389432,440,0,Milio,UTILITY,24.03,1,5,3,24,0,44,23,6,1,0,-0.1956430077552795,0.3283448495550101,0,0,1,0,0,1,3,0.0,3.0,2.0,20.0,4.0,0.0,3284.0,21.0,-320.0,2.0,-1252.0
LA2_1525310547,440,1,Vayne,BOTTOM,30.32,3,3,5,159,8,20,9,4,2,0,-0.0408793687820434,0.0399584557910857,0,0,1,0,1,1,3,0.0,1.0,0.0,3.0,0.0,0.0,3736.0,77.0,-1058.0,-36.0,-1317.0
LA2_1526511444,440,0,Thresh,UTILITY,25.07,2,5,7,32,2,63,24,11,5,0,-0.0159803628921508,0.0,0,0,1,0,0,1,1,1.0,2.0,5.0,11.0,5.0,3.0,4231.0,26.0,-414.0,10.0,76.0
LA2_1553721311,420,1,Elise,UTILITY,33.28,12,11,19,28,4,73,30,8,4,0,-0.0423455238342285,0.0440344491401616,0,0,1,0,0,1,3,4.0,6.0,4.0,8.0,1.0,2.0,5013.0,11.0,293.0,-8.0,-553.0
LA2_1552880386,440,0,Smolder,BOTTOM,28.1,2,4,3,219,4,9,8,0,1,0,-0.3025809526443481,0.0,0,0,1,0,1,0,0,0.0,1.0,0.0,5.0,0.0,1.0,4175.0,101.0,-2214.0,-30.0,-1411.0
LA2_1526258979,440,1,Thresh,UTILITY,33.83,2,4,20,37,4,87,38,8,7,0,0.0076043605804443,0.3416838864579117,0,0,1,1,0,1,3,1.0,2.0,0.0,10.0,2.0,1.0,3527.0,29.0,-533.0,0.0,-930.0
LA2_1554136199,420,1,Elise,UTILITY,32.52,8,10,12,45,9,90,38,7,6,0,0.3764224052429199,0.7390888490447494,1,0,0,1,1,1,3,3.0,5.0,5.0,12.0,0.0,3.0,5115.0,15.0,487.0,-12.0,-475.0
LA2_1554249454,420,0,Elise,UTILITY,29.68,3,11,12,39,0,75,29,10,3,1,0.0538045167922973,0.7056371419384458,0,0,1,0,0,0,0,2.0,4.0,3.0,10.0,3.0,1.0,4526.0,23.0,462.0,10.0,732.0
LA2_1526993232,440,0,Blitzcrank,UTILITY,39.2,1,6,23,29,0,118,59,8,8,0,-0.0186268091201782,0.8524144010058363,0,0,0,0,0,0,1,0.0,2.0,6.0,13.0,2.0,2.0,3684.0,19.0,-868.0,-1.0,172.0
LA2_1504920102,440,0,Smolder,BOTTOM,30.05,5,6,5,214,4,13,10,0,1,1,-0.5331193208694458,0.454583092134997,0,0,0,1,0,1,2,3.0,0.0,2.0,4.0,0.0,0.0,5810.0,105.0,-352.0,0.0,-265.0
LA2_1524697074,440,1,Vayne,BOTTOM,37.0,15,6,8,179,24,34,15,8,3,3,0.6857755184173584,0.3431577921934312,0,0,1,1,1,1,1,7.0,3.0,1.0,5.0,2.0,1.0,6214.0,83.0,676.0,-11.0,744.0
LA2_1526969157,440,1,Blitzcrank,UTILITY,29.52,0,4,14,24,0,81,34,8,7,0,0.221510648727417,0.5973453752104985,0,0,1,0,1,1,0,0.0,3.0,4.0,11.0,2.0,2.0,3545.0,18.0,-742.0,-1.0,576.0
LA2_1553704974,420,1,Elise,UTILITY,31.27,3,5,11,37,12,73,25,10,2,1,0.3032914400100708,0.580740058217148,0,0,0,1,1,1,0,2.0,1.0,2.0,9.0,5.0,1.0,4292.0,26.0,953.0,13.0,305.0
LA2_1525897780,440,0,Braum,UTILITY,30.03,1,6,6,40,0,52,16,7,2,0,-0.279376745223999,0.5672539452508395,0,0,0,0,1,0,3,0.0,1.0,2.0,8.0,4.0,1.0,3402.0,29.0,-485.0,5.0,-965.0
LA2_1501015877,440,1,Sejuani,JUNGLE,27.23,5,3,14,6,123,18,6,2,6,0,-0.1228319406509399,0.7717635422019762,0,0,0,1,0,1,3,1.0,3.0,5.0,4.0,1.0,4.0,4652.0,67.0,290.0,-2.0,67.0
LA2_1526968780,440,0,Thresh,UTILITY,29.65,0,4,11,37,0,68,35,4,4,0,0.0849817991256713,0.604645667553554,0,0,1,0,0,0,0,0.0,1.0,5.0,12.0,2.0,2.0,3566.0,30.0,-279.0,10.0,-264.0
LA2_1552619650,440,0,Sejuani,JUNGLE,36.6,13,6,12,38,168,25,3,6,3,0,-0.3840217590332031,0.7796165271437862,0,0,1,1,0,1,3,6.0,2.0,0.0,1.0,2.0,1.0,6366.0,98.0,1123.0,17.0,874.0
LA2_1500452896,440,1,Illaoi,TOP,28.53,11,3,1,201,0,12,9,1,3,3,-0.0416722297668457,0.3997393404139357,0,0,0,1,0,1,5,3.0,3.0,0.0,49.0,0.0,0.0,5830.0,110.0,1080.0,30.0,1073.0
LA2_1553826314,420,1,Elise,UTILITY,27.6,8,5,12,31,0,82,24,11,5,4,0.458804726600647,0.7100814547039749,0,0,1,0,1,1,3,3.0,4.0,6.0,12.0,6.0,4.0,5364.0,18.0,643.0,-6.0,-558.0
LA2_1520899635,420,0,Karma,UTILITY,36.68,1,6,22,50,0,83,29,15,6,0,-0.1109112501144409,0.5943219922859664,0,0,0,1,0,1,3,0.0,1.0,3.0,9.0,6.0,1.0,3491.0,27.0,-77.0,7.0,355.0
LA2_1554183667,420,1,Elise,UTILITY,27.07,2,3,19,35,12,74,29,14,4,0,0.2293444871902465,0.8110784915074888,0,0,1,1,1,1,0,1.0,2.0,7.0,13.0,8.0,3.0,4715.0,22.0,726.0,11.0,-720.0
LA2_1524675426,440,1,Sivir,BOTTOM,24.0,4,2,19,140,0,13,8,1,1,1,0.6718710660934448,0.4884283364513161,0,0,1,1,1,0,0,1.0,1.0,5.0,4.0,0.0,1.0,5003.0,100.0,-548.0,-5.0,297.0
LA2_1526359547,440,1,Thresh,UTILITY,15.93,0,0,13,22,0,32,15,4,3,2,0.7247424125671387,0.4063059083243153,0,0,1,1,1,1,3,0.0,0.0,11.0,14.0,4.0,3.0,4778.0,22.0,225.0,13.0,23.0
LA2_1525575312,440,1,Alistar,UTILITY,38.48,0,7,15,42,0,111,57,11,7,0,0.0422052145004272,0.5486146348095701,0,0,0,1,0,1,3,0.0,2.0,1.0,13.0,2.0,2.0,3324.0,25.0,-342.0,-5.0,-642.0
LA2_1521023763,420,1,Leblanc,MIDDLE,31.58,6,5,6,190,0,23,13,3,6,0,-0.1998814940452575,0.7221494559642679,0,0,0,0,1,0,0,2.0,4.0,0.0,4.0,0.0,2.0,4556.0,73.0,-1317.0,-42.0,-1163.0
LA2_1524291898,420,1,Vayne,BOTTOM,28.77,6,5,0,132,28,29,11,7,3,1,-0.2257674932479858,0.3909710538319729,0,0,0,1,1,1,3,4.0,2.0,0.0,5.0,1.0,1.0,5861.0,85.0,666.0,-32.0,254.0
LA2_1553634652,420,0,DrMundo,TOP,29.32,2,8,5,212,0,16,8,1,0,0,-0.3781011700630188,0.0,0,0,0,1,0,0,1,0.0,3.0,1.0,7.0,0.0,0.0,4788.0,120.0,-553.0,19.0,-4.0
LA2_1504979176,420,0,Trundle,TOP,31.45,6,5,6,193,47,29,13,5,2,8,0.7770733833312988,0.5145899224991854,0,0,0,1,1,1,0,3.0,2.0,1.0,5.0,1.0,0.0,6461.0,96.0,834.0,-11.0,-601.0
LA2_1520019678,420,1,Pantheon,JUNGLE,25.05,12,4,7,14,154,17,4,3,4,2,-0.2892574667930603,0.5270376467346977,0,0,0,1,0,1,2,6.0,4.0,2.0,2.0,2.0,2.0,6662.0,80.0,-150.0,-15.0,-558.0
LA2_1525956620,440,0,Rakan,UTILITY,38.53,0,4,12,22,0,108,54,6,14,1,0.022964596748352,0.7898620851492725,0,0,1,1,1,1,3,0.0,2.0,2.0,12.0,3.0,4.0,3502.0,19.0,-1265.0,4.0,-977.0
LA2_1521003438,420,0,Trundle,JUNGLE,45.83,6,7,14,31,224,43,7,13,7,3,0.2545950412750244,0.8483984011214644,0,0,1,0,0,1,1,3.0,0.0,3.0,2.0,0.0,2.0,5884.0,88.0,1338.0,-3.0,702.0
LA2_1525887567,440,1,Ezreal,BOTTOM,25.08,1,4,9,146,0,6,9,0,2,0,-0.6849327683448792,0.5295709901788893,0,0,1,1,0,1,3,0.0,3.0,2.0,5.0,0.0,1.0,4219.0,85.0,-1198.0,-30.0,-871.0
LA2_1526031475,440,0,Ezreal,BOTTOM,29.23,2,4,2,170,0,14,10,0,2,0,-0.1702607870101928,0.5868951506548648,0,0,0,1,1,1,0,1.0,2.0,2.0,5.0,0.0,1.0,4454.0,87.0,-1303.0,-23.0,-1046.0
LA2_1516755349,420,1,Sivir,BOTTOM,25.45,9,5,6,183,36,29,9,5,2,2,0.883040189743042,0.5795035653215606,1,0,1,1,1,1,3,5.0,3.0,1.0,6.0,1.0,2.0,6180.0,111.0,171.0,-9.0,301.0
LA2_1552848295,440,0,Sejuani,JUNGLE,30.35,3,4,4,11,128,17,2,3,2,0,-0.094817042350769,0.3986125011664167,0,0,1,1,1,1,0,3.0,0.0,2.0,0.0,3.0,0.0,5111.0,69.0,-689.0,-42.0,-2183.0
LA2_1516162115,420,1,Jhin,BOTTOM,23.8,10,1,10,157,4,20,13,0,6,5,0.3869954347610473,0.6697862641823981,1,0,1,1,0,1,3,3.0,0.0,4.0,14.0,0.0,2.0,6280.0,111.0,1649.0,-12.0,194.0
LA2_1524929636,440,1,Vayne,BOTTOM,27.0,11,2,7,138,16,12,9,2,2,1,-0.4697303771972656,0.5126679981348791,0,0,1,0,1,1,1,2.0,2.0,3.0,4.0,2.0,1.0,4729.0,93.0,-1820.0,-16.0,-999.0
LA2_1525555882,440,0,Malphite,TOP,44.85,5,6,14,315,4,36,19,0,4,2,0.2050398588180542,0.7299245650273867,0,0,0,0,0,1,3,2.0,0.0,1.0,4.0,0.0,1.0,5660.0,123.0,821.0,-14.0,377.0
LA2_1508935308,420,1,Trundle,TOP,27.05,6,0,6,212,27,31,9,8,2,5,0.4580801725387573,0.697865566163223,0,0,1,1,0,0,3,1.0,0.0,2.0,6.0,0.0,2.0,5922.0,114.0,1529.0,21.0,1069.0
LA2_1525875011,440,1,Ezreal,BOTTOM,27.85,6,3,12,142,4,14,8,0,1,0,0.4096736907958984,0.3089531356618966,0,0,1,1,1,1,3,0.0,1.0,2.0,4.0,0.0,0.0,4291.0,98.0,-1732.0,-21.0,-655.0
LA2_1553120344,420,1,Thresh,UTILITY,31.77,1,8,20,30,0,72,31,5,5,0,-0.1093543767929077,0.2955830481229423,0,0,0,0,0,0,3,0.0,3.0,2.0,8.0,0.0,1.0,3391.0,21.0,-1726.0,-5.0,-1123.0
LA2_1526643996,440,1,Sejuani,JUNGLE,29.82,1,2,13,9,186,39,8,7,8,0,0.675270676612854,0.7188047227204677,0,0,0,1,0,1,3,0.0,1.0,3.0,3.0,1.0,3.0,4660.0,91.0,-278.0,-9.0,-245.0
LA2_1522692779,420,1,Trundle,JUNGLE,20.83,8,2,3,23,99,14,2,4,2,4,0.2201780080795288,0.6165015669319036,0,0,1,1,1,0,0,2.0,2.0,2.0,1.0,4.0,1.0,5301.0,86.0,-110.0,-13.0,-864.0
LA2_1516747344,420,0,Varus,BOTTOM,31.62,6,10,6,199,4,17,12,1,2,0,0.2353404760360717,0.7127536870320195,0,0,0,0,0,1,0,2.0,4.0,1.0,6.0,1.0,2.0,4873.0,108.0,-1263.0,-18.0,-818.0
LA2_1508913243,420,1,Trundle,TOP,37.33,6,11,4,340,35,28,13,2,2,5,0.0512070655822753,0.730644355972197,0,0,0,1,1,1,0,1.0,6.0,1.0,6.0,0.0,1.0,5603.0,98.0,-1525.0,-28.0,-1455.0
LA2_1526410691,440,0,Sejuani,JUNGLE,33.42,1,6,4,22,167,35,8,12,8,0,0.0917494297027587,0.8261604111722841,0,0,0,0,0,0,2,1.0,1.0,0.0,3.0,3.0,3.0,4681.0,93.0,181.0,-11.0,-496.0
LA2_1525449937,440,1,Thresh,UTILITY,28.85,2,1,19,22,0,77,38,5,6,1,0.5638034343719482,0.8596544444125773,0,0,0,0,1,1,3,0.0,1.0,7.0,16.0,2.0,4.0,3835.0,16.0,342.0,-2.0,-932.0
LA2_1525604517,440,1,Braum,UTILITY,33.97,5,2,18,36,0,85,35,9,5,0,0.138799786567688,0.3525446495174001,1,0,0,1,0,1,3,2.0,1.0,4.0,12.0,1.0,2.0,4586.0,22.0,626.0,-2.0,1019.0
LA2_1552644610,440,0,JarvanIV,JUNGLE,22.05,1,7,8,31,89,14,3,3,3,0,-0.2688514590263366,0.5039143975375228,0,0,1,0,0,0,0,1.0,3.0,2.0,2.0,3.0,2.0,4717.0,89.0,-1642.0,-20.0,-1445.0
LA2_1520100147,420,0,Rumble,TOP,27.48,5,7,3,189,0,19,9,3,2,1,0.9119819402694702,0.3887473038251892,0,0,0,0,0,0,3,4.0,4.0,0.0,3.0,0.0,0.0,5838.0,103.0,-184.0,-24.0,-1042.0
LA2_1519363687,420,1,Trundle,JUNGLE,26.1,6,3,12,33,154,27,4,6,4,4,0.1190546751022338,0.465839843690537,0,0,0,1,0,1,3,3.0,2.0,7.0,2.0,4.0,2.0,6485.0,97.0,929.0,23.0,1464.0
LA2_1554172464,420,0,Elise,UTILITY,23.23,2,4,2,25,1,44,17,6,2,0,-0.1061159372329711,0.5585952147956653,1,0,0,0,0,0,0,2.0,2.0,1.0,9.0,5.0,1.0,4089.0,22.0,-387.0,-1.0,-1484.0
LA2_1503936635,440,1,XinZhao,JUNGLE,38.8,10,8,11,34,157,21,4,3,4,0,-0.428037166595459,0.8446668892439247,0,0,0,0,1,1,1,3.0,2.0,3.0,3.0,2.0,3.0,5648.0,80.0,-1360.0,-26.0,-1570.0
LA2_1506004973,420,0,KSante,UTILITY,29.57,2,12,12,83,0,22,7,5,1,1,-0.6524121165275574,0.2679098143589879,0,0,0,0,1,0,0,0.0,6.0,3.0,4.0,4.0,0.0,3601.0,36.0,-1872.0,19.0,-1039.0
LA2_1500447647,440,1,Illaoi,TOP,31.9,5,4,7,183,8,33,15,2,4,0,0.6716697216033936,0.6265952816799283,0,0,0,1,1,1,3,2.0,0.0,1.0,47.0,0.0,1.0,4794.0,97.0,172.0,-17.0,1303.0
LA2_1526109656,440,0,Thresh,UTILITY,27.28,4,9,12,34,0,69,27,13,3,0,0.1438663005828857,0.5151387660327266,0,0,1,0,0,1,3,3.0,5.0,6.0,10.0,1.0,1.0,4794.0,21.0,320.0,0.0,172.0
LA2_1525434427,440,0,Blitzcrank,UTILITY,34.33,1,6,14,34,0,101,48,7,7,0,-0.0332753658294677,0.1202495043607665,0,0,0,0,0,1,0,0.0,1.0,8.0,16.0,3.0,5.0,4454.0,20.0,-134.0,-7.0,-108.0
LA2_1516538935,420,0,Trundle,TOP,23.47,6,7,0,176,0,13,7,0,1,2,-0.1442880630493164,0.0,0,0,0,0,1,0,0,3.0,3.0,0.0,4.0,0.0,1.0,5608.0,106.0,-212.0,-7.0,276.0
LA2_1526959574,440,0,Leona,UTILITY,29.12,1,7,8,34,0,77,35,11,7,0,0.2078932523727417,0.5180690894801597,0,0,1,1,0,0,2,0.0,3.0,0.0,10.0,6.0,3.0,3435.0,28.0,-1351.0,15.0,-1687.0
LA2_1527016979,440,0,Blitzcrank,UTILITY,23.93,0,1,5,20,0,35,17,5,4,0,-0.257647693157196,0.0,0,0,1,0,0,0,0,0.0,1.0,1.0,10.0,2.0,3.0,3108.0,15.0,-963.0,-4.0,-1143.0
LA2_1503144223,440,0,Sejuani,JUNGLE,30.92,2,6,10,33,139,34,6,9,6,0,0.0190448760986328,0.7367337893740857,0,0,1,0,0,0,3,0.0,2.0,6.0,1.0,0.0,1.0,4999.0,83.0,544.0,5.0,918.0
LA2_1553177145,420,0,Thresh,UTILITY,51.38,2,11,29,35,0,142,60,15,14,0,0.2878955602645874,0.7274693585552032,0,0,0,0,1,0,0,0.0,3.0,10.0,9.0,2.0,3.0,4111.0,12.0,276.0,-6.0,157.0
LA2_1517026406,420,1,Jax,TOP,29.53,9,3,13,179,8,23,12,3,3,0,0.2600469589233398,0.7940247552164955,1,0,0,0,1,0,2,4.0,2.0,3.0,7.0,1.0,2.0,5928.0,98.0,1308.0,12.0,955.0
LA2_1500377790,440,1,Illaoi,TOP,27.83,8,3,5,162,4,15,7,2,1,1,-0.0102813243865966,0.380518303632559,0,0,0,0,0,0,4,3.0,2.0,0.0,48.0,0.0,0.0,5038.0,85.0,-93.0,-12.0,762.0
LA2_1525761309,440,0,Braum,UTILITY,29.62,1,5,13,27,0,58,29,7,7,3,-0.2685437202453613,0.6184344602640611,0,0,1,1,1,1,3,0.0,1.0,7.0,10.0,4.0,3.0,4558.0,21.0,147.0,-4.0,64.0
LA2_1516955142,420,0,Sivir,BOTTOM,29.55,6,4,2,272,7,15,11,0,3,2,-0.0367518663406372,0.5639585399324745,0,0,0,0,0,0,2,3.0,0.0,1.0,5.0,0.0,1.0,5979.0,114.0,-298.0,3.0,261.0
LA2_1504299185,440,1,Sejuani,JUNGLE,19.23,5,0,11,2,102,14,4,1,4,2,-0.0415500998497009,0.7583707924846376,0,0,0,1,1,1,3,2.0,0.0,6.0,3.0,0.0,3.0,5563.0,79.0,752.0,-16.0,21.0
LA2_1519995957,420,0,Trundle,JUNGLE,20.78,0,4,3,22,57,6,1,1,1,0,-0.5701325535774231,0.0,0,0,0,0,1,0,0,0.0,2.0,2.0,1.0,1.0,1.0,3555.0,52.0,-2049.0,-33.0,-2497.0
LA2_1524842547,440,0,Trundle,JUNGLE,32.6,4,7,11,29,184,39,6,8,6,0,-0.0377153158187866,0.8198366473530562,0,0,1,0,1,1,0,2.0,3.0,4.0,2.0,4.0,2.0,5286.0,88.0,-1719.0,-18.0,-497.0
LA2_1516165974,420,1,Jhin,BOTTOM,44.3,10,6,13,310,27,31,17,4,4,1,0.1934179067611694,0.6937204477287808,1,0,1,0,0,0,0,4.0,1.0,1.0,15.0,2.0,1.0,6203.0,114.0,1515.0,14.0,81.0
LA2_1525736827,440,0,Nautilus,UTILITY,23.38,2,5,2,25,0,61,19,9,4,0,0.8713067770004272,0.7250619718361785,1,0,0,0,1,0,1,2.0,2.0,2.0,11.0,2.0,3.0,4026.0,17.0,606.0,6.0,-65.0
LA2_1525750089,440,1,Braum,UTILITY,32.42,1,4,21,29,0,83,43,7,10,0,0.2052326202392578,0.5865330622999773,0,0,1,1,1,0,3,0.0,1.0,4.0,15.0,4.0,4.0,3970.0,16.0,262.0,-4.0,-1313.0
LA2_1520257416,420,1,Ezreal,BOTTOM,31.07,10,4,10,203,13,28,13,3,3,1,1.069814682006836,0.2170735325544513,0,0,1,1,1,1,2,2.0,3.0,2.0,6.0,1.0,1.0,5182.0,105.0,-105.0,4.0,927.0
LA2_1525377804,440,1,Blitzcrank,UTILITY,27.57,0,6,17,20,0,75,36,9,7,0,0.4767909049987793,0.7651895486953673,0,0,0,1,1,1,3,0.0,3.0,8.0,12.0,4.0,3.0,4032.0,13.0,414.0,-14.0,-689.0
LA2_1524584147,440,0,Trundle,JUNGLE,25.98,4,8,7,20,110,21,2,5,2,0,0.028727650642395,0.0,0,0,1,0,1,0,3,2.0,2.0,5.0,0.0,1.0,0.0,4917.0,88.0,-1191.0,-8.0,-1130.0
LA2_1553694863,420,0,Anivia,UTILITY,25.25,3,8,5,29,0,16,9,1,2,0,-0.6958746910095215,0.0,0,0,0,0,0,0,3,2.0,7.0,3.0,5.0,1.0,1.0,4356.0,8.0,-1600.0,-17.0,-2195.0
LA2_1526750901,440,1,Sejuani,JUNGLE,30.62,6,4,11,14,161,36,4,5,4,0,0.7360328435897827,0.8165374786285922,0,0,0,1,1,1,1,1.0,3.0,2.0,2.0,0.0,2.0,5346.0,78.0,-2460.0,-27.0,-1596.0
LA2_1554091742,420,0,Elise,UTILITY,17.22,3,5,3,19,0,30,14,2,2,0,1.0621414184570312,0.2943868746921825,1,0,1,1,0,0,0,3.0,3.0,3.0,13.0,2.0,2.0,4897.0,19.0,1018.0,3.0,-314.0
LA2_1519023528,420,0,KSante,TOP,33.32,8,6,5,217,0,34,11,1,2,1,0.2251659631729126,0.7433302570836821,0,0,1,0,1,1,3,1.0,2.0,0.0,3.0,0.0,1.0,4827.0,107.0,-660.0,-6.0,47.0
LA2_1500368691,440,1,Illaoi,TOP,28.38,3,5,5,170,13,23,11,2,2,4,0.314619779586792,0.4629862903805172,0,0,1,1,1,1,6,2.0,3.0,2.0,50.0,0.0,0.0,5788.0,94.0,1406.0,8.0,1630.0
LA2_1515673276,420,0,DrMundo,TOP,28.53,6,9,2,152,0,20,11,2,2,2,-0.3405549526214599,0.5627925934276449,0,0,1,1,0,0,1,2.0,5.0,0.0,10.0,1.0,1.0,5605.0,94.0,-215.0,4.0,5.0
LA2_1505904190,420,0,Leblanc,TOP,22.68,1,7,3,137,0,13,8,1,1,2,-0.0574274659156799,0.0,0,0,1,0,0,0,0,1.0,4.0,2.0,5.0,0.0,0.0,5248.0,110.0,171.0,33.0,-76.0
LA2_1505092219,420,0,Trundle,JUNGLE,31.85,2,6,5,49,155,30,2,6,2,1,0.3069798946380615,0.7414952228873027,0,0,0,1,0,1,3,0.0,2.0,3.0,2.0,1.0,2.0,4511.0,80.0,-679.0,-12.0,-509.0
LA2_1504306275,440,0,XinZhao,JUNGLE,36.32,5,8,9,29,168,28,3,9,3,0,-0.0487157106399536,0.700364222617129,0,0,1,0,1,0,3,2.0,1.0,3.0,2.0,3.0,2.0,5090.0,82.0,171.0,-6.0,16.0
LA2_1518969806,420,1,Trundle,TOP,28.55,6,5,2,230,16,22,9,2,1,7,0.5604232549667358,0.6453046898231967,0,0,1,1,1,0,3,5.0,1.0,0.0,5.0,1.0,1.0,7354.0,113.0,3213.0,23.0,1940.0
LA2_1526592744,440,0,Sejuani,JUNGLE,44.38,6,9,24,42,176,32,3,7,3,0,-0.3586493134498596,0.6893854554343708,0,0,1,1,0,1,3,0.0,2.0,5.0,1.0,3.0,1.0,4770.0,86.0,-1057.0,-10.0,-133.0
LA2_1520656973,420,0,Ahri,MIDDLE,25.42,4,5,7,157,1,24,13,2,3,1,-0.1425143480300903,0.0,0,0,0,0,1,0,0,2.0,3.0,3.0,6.0,0.0,1.0,5045.0,99.0,-489.0,1.0,-137.0
LA2_1520628996,420,0,Galio,MIDDLE,29.95,2,9,9,165,4,23,13,2,3,1,0.319399356842041,0.5839808124879261,0,0,0,1,1,1,1,1.0,5.0,6.0,6.0,0.0,2.0,4982.0,94.0,-481.0,18.0,276.0
LA2_1520204216,420,1,Leblanc,MIDDLE,23.57,12,4,7,130,0,18,9,2,2,0,-0.1875233650207519,0.7437252327639794,2,0,1,0,0,1,3,6.0,2.0,2.0,5.0,1.0,2.0,6224.0,94.0,514.0,-6.0,-184.0
LA2_1520925915,420,1,Leblanc,MIDDLE,29.63,9,6,5,170,0,34,17,3,3,0,-0.0862398743629455,0.6826597935325996,2,0,1,0,0,1,3,2.0,2.0,4.0,7.0,0.0,2.0,5077.0,92.0,-314.0,-14.0,-528.0
LA2_1553645846,420,1,Anivia,UTILITY,26.93,6,2,10,44,8,48,22,3,1,0,-0.2711666822433471,0.3232334936514973,0,0,0,1,1,1,0,2.0,2.0,3.0,8.0,2.0,0.0,4507.0,27.0,-413.0,1.0,277.0
LA2_1553815727,420,0,Elise,UTILITY,31.75,4,9,5,35,4,67,29,4,3,0,-0.2187696099281311,0.8009990592342895,0,0,0,0,0,0,3,1.0,4.0,3.0,11.0,2.0,3.0,4299.0,15.0,-3047.0,-8.0,-1357.0
LA2_1518742783,420,1,Shyvana,JUNGLE,40.43,9,12,7,94,215,39,8,9,2,0,0.9259443283081056,0.0,0,0,1,0,0,0,0,3.0,5.0,0.0,6.0,1.0,1.0,5243.0,84.0,-628.0,-13.0,-1002.0
LA2_1552814736,440,0,Sejuani,JUNGLE,34.63,5,6,15,14,161,34,6,4,6,0,-0.0232181549072265,0.8077231755448335,0,0,1,1,1,1,3,3.0,0.0,4.0,3.0,0.0,3.0,5529.0,81.0,221.0,7.0,1109.0
LA2_1525115309,440,0,Vayne,BOTTOM,35.47,8,7,3,226,8,30,15,5,2,0,-0.3106970191001892,0.6932436820842869,0,0,0,0,0,0,1,1.0,3.0,0.0,6.0,1.0,1.0,4617.0,93.0,-1219.0,-31.0,-403.0
LA2_1516561555,420,0,Smolder,BOTTOM,26.2,6,8,5,180,4,16,10,2,2,1,-0.007773220539093,0.6903098951484983,0,0,1,0,1,0,0,3.0,4.0,3.0,4.0,1.0,1.0,5370.0,107.0,301.0,3.0,-744.0
LA2_1519357698,420,0,KSante,TOP,23.57,1,3,0,164,0,16,9,1,3,1,1.0348143577575684,0.5925271554981391,0,0,0,0,0,0,0,0.0,1.0,0.0,7.0,0.0,3.0,4181.0,94.0,-1118.0,-20.0,-638.0
LA2_1515605910,420,0,Blitzcrank,UTILITY,36.2,1,5,17,23,8,104,49,7,8,1,0.4221526384353637,0.7602427999306791,0,0,1,1,1,1,3,0.0,2.0,3.0,11.0,3.0,4.0,3637.0,16.0,-243.0,-3.0,-2277.0
LA2_1523521528,440,1,Malphite,TOP,33.77,3,2,12,198,4,31,16,6,4,0,-0.169730007648468,0.7584746751788618,0,0,1,1,1,0,3,0.0,0.0,1.0,7.0,0.0,2.0,4228.0,101.0,-1241.0,-16.0,-170.0
LA2_1523031622,440,0,Trundle,JUNGLE,24.6,6,6,8,13,106,10,1,1,1,0,-0.6031705141067505,0.4908859603083937,0,0,1,0,0,1,0,4.0,4.0,4.0,1.0,0.0,1.0,5927.0,77.0,-534.0,-26.0,-470.0
LA2_1526172442,440,1,Thresh,UTILITY,19.33,1,2,13,29,0,32,15,3,4,1,-0.0055505037307739,0.4285887896788205,0,0,1,1,1,1,3,1.0,1.0,7.0,10.0,2.0,2.0,4522.0,28.0,105.0,6.0,-30.0
LA2_1552539926,440,0,Malphite,TOP,25.37,3,3,6,181,0,16,8,0,2,1,0.4324773550033569,0.4023607629543044,0,0,0,0,0,0,0,3.0,1.0,0.0,3.0,0.0,1.0,5447.0,111.0,1062.0,-1.0,1376.0
LA2_1508955647,420,1,Trundle,TOP,28.12,5,4,5,196,19,26,9,5,3,4,0.222947359085083,0.5520476207946544,0,0,1,1,0,1,1,2.0,2.0,2.0,4.0,0.0,2.0,5983.0,104.0,979.0,5.0,787.0
LA2_1525592948,440,0,Braum,UTILITY,25.48,1,5,6,19,0,55,34,3,2,1,-0.0542662143707275,0.5178445881694005,0,0,1,0,1,0,0,1.0,3.0,4.0,13.0,0.0,2.0,4057.0,14.0,-1662.0,-6.0,-1179.0
LA2_1525296716,420,0,Yunara,BOTTOM,34.55,9,8,14,209,32,33,13,9,3,0,-0.0382665991783142,0.2347453895212651,0,0,0,1,1,0,3,4.0,3.0,1.0,4.0,1.0,0.0,5990.0,95.0,-534.0,-28.0,-596.0
LA2_1501024398,440,0,Sejuani,JUNGLE,39.17,2,4,13,36,143,40,7,6,7,0,-0.2205186486244201,0.8629400672753381,0,0,0,0,1,1,5,0.0,1.0,1.0,2.0,4.0,2.0,4144.0,77.0,-534.0,-15.0,-323.0
LA2_1516569296,420,1,Trundle,TOP,31.0,5,8,6,204,24,24,11,2,3,5,0.6145117282867432,0.5293382541000192,0,0,0,1,0,0,3,2.0,3.0,0.0,3.0,0.0,1.0,5960.0,105.0,71.0,-26.0,-905.0
LA2_1524398412,440,1,Trundle,JUNGLE,37.9,5,7,20,21,161,28,5,5,5,0,0.3401262760162353,0.0,0,0,0,0,1,0,1,1.0,2.0,4.0,2.0,3.0,2.0,4801.0,81.0,-1683.0,2.0,-409.0
LA2_1554261605,420,0,Elise,UTILITY,29.88,5,9,9,27,0,68,31,6,5,0,-0.0984730720520019,0.4318944082066191,0,0,1,1,0,1,3,3.0,3.0,4.0,13.0,3.0,3.0,4838.0,15.0,848.0,1.0,164.0
LA2_1520085910,420,0,Jax,TOP,34.42,4,10,6,197,16,29,17,3,6,2,0.6111159324645996,0.7409128528248802,0,0,1,1,0,0,2,3.0,5.0,2.0,6.0,0.0,2.0,4842.0,69.0,-200.0,-36.0,-1997.0
LA2_1524937522,440,1,Vayne,BOTTOM,41.2,6,4,9,214,37,28,14,6,2,0,-0.1830950379371643,0.5627048314886897,0,0,1,0,0,1,1,0.0,2.0,2.0,4.0,0.0,0.0,4276.0,91.0,-726.0,-23.0,-864.0
LA2_1526765029,440,1,Sejuani,JUNGLE,26.18,1,3,14,20,130,34,8,5,8,0,0.225884199142456,0.5727963801453628,0,0,0,0,0,1,3,0.0,2.0,3.0,3.0,2.0,3.0,4442.0,82.0,-702.0,-10.0,-588.0
LA2_1523448555,440,1,JarvanIV,JUNGLE,31.22,3,5,15,15,172,30,4,5,4,0,0.0515569448471069,0.808718157822335,0,0,1,0,1,0,0,0.0,2.0,3.0,2.0,1.0,2.0,4448.0,92.0,-641.0,2.0,-156.0
LA2_1516945005,420,0,Ezreal,BOTTOM,33.95,8,7,9,194,0,24,13,1,3,1,0.7745288610458374,0.1328156253633593,0,0,0,0,1,0,0,6.0,2.0,1.0,8.0,1.0,3.0,5962.0,89.0,-818.0,-6.0,-1514.0
LA2_1520044325,420,1,Pantheon,JUNGLE,27.53,1,3,6,29,165,26,3,6,3,0,0.2063493728637695,0.572987175332479,0,0,1,1,0,1,3,0.0,2.0,3.0,1.0,1.0,1.0,4662.0,92.0,-602.0,-4.0,-736.0
LA2_1505734077,420,0,Trundle,TOP,31.77,0,11,2,210,8,16,9,3,0,1,-0.0641195178031921,0.0,0,0,0,0,1,1,0,0.0,5.0,0.0,4.0,0.0,0.0,4076.0,91.0,-3097.0,-37.0,-2955.0
LA2_1553659971,420,0,Anivia,UTILITY,40.43,3,8,15,61,4,98,39,14,2,0,-0.2234433889389038,0.0956188383702655,0,0,0,0,1,0,3,1.0,2.0,2.0,8.0,2.0,0.0,3787.0,23.0,123.0,-6.0,682.0
LA2_1554109552,420,1,Thresh,UTILITY,22.63,0,3,17,20,0,52,22,4,6,2,-0.2092610001564026,0.5787281419036818,0,0,1,1,1,0,2,0.0,1.0,8.0,8.0,2.0,3.0,4184.0,18.0,394.0,-2.0,702.0
LA2_1553139072,420,1,Thresh,UTILITY,27.7,0,2,16,28,0,59,24,2,5,0,0.5848815441131592,0.5044115554355385,0,0,1,1,0,1,3,0.0,2.0,7.0,11.0,1.0,3.0,3967.0,21.0,-780.0,-2.0,-885.0
LA2_1526120617,440,1,Sejuani,JUNGLE,29.7,5,2,25,17,125,29,6,4,6,0,0.4350159168243408,0.4927342179794359,0,0,0,1,0,0,1,4.0,1.0,9.0,2.0,1.0,2.0,5954.0,66.0,1241.0,-17.0,-108.0
LA2_1526771458,440,0,Sejuani,JUNGLE,26.8,0,5,4,20,114,17,2,4,2,0,-0.3335626125335693,0.0,0,0,0,0,0,1,0,0.0,1.0,3.0,2.0,2.0,2.0,4329.0,75.0,-1445.0,-30.0,-1035.0
LA2_1522256174,420,0,Leblanc,MIDDLE,25.02,4,2,7,152,0,19,13,3,4,0,-0.3277023434638977,0.7145134387344145,0,0,1,0,0,0,1,2.0,0.0,5.0,7.0,2.0,2.0,5697.0,102.0,-935.0,-3.0,-205.0
LA2_1524874465,440,0,Sejuani,JUNGLE,30.05,1,5,10,18,141,28,5,4,5,0,0.173836350440979,0.043729716247333,0,0,1,0,1,1,0,1.0,1.0,4.0,0.0,2.0,0.0,4868.0,86.0,-833.0,-19.0,-841.0
LA2_1524411754,440,0,JarvanIV,JUNGLE,28.45,6,7,8,46,115,34,6,6,6,0,1.403365135192871,0.7155942056579419,0,0,0,0,0,0,3,5.0,1.0,3.0,3.0,2.0,3.0,6142.0,90.0,516.0,6.0,20.0
LA2_1553154259,420,0,Thresh,UTILITY,47.67,7,10,32,35,0,123,52,11,11,0,0.1360772848129272,0.8118718798602088,0,0,0,0,1,0,0,3.0,1.0,6.0,7.0,3.0,2.0,4884.0,21.0,1215.0,2.0,-44.0
LA2_1518997364,420,0,Trundle,TOP,29.48,2,5,5,242,16,25,9,5,0,1,1.0620856285095217,0.0,0,0,1,0,0,0,1,1.0,2.0,2.0,5.0,0.0,0.0,5119.0,110.0,-933.0,-22.0,-1318.0
LA2_1505102521,420,0,Trundle,TOP,26.6,4,6,1,211,16,13,8,0,0,4,0.2791537046432495,0.0,0,0,0,0,1,1,3,2.0,2.0,1.0,4.0,0.0,0.0,6155.0,115.0,563.0,14.0,281.0
LA2_1510555178,440,0,Sejuani,JUNGLE,37.7,0,8,10,23,156,34,3,8,3,3,-0.0285304188728332,0.7849018005035973,0,0,1,1,1,1,2,0.0,2.0,3.0,2.0,1.0,2.0,4641.0,81.0,-1207.0,-14.0,-1102.0
LA2_1508945367,420,1,Trundle,TOP,32.42,7,7,6,185,28,17,10,2,0,4,-0.0489506125450134,0.0,0,0,0,0,1,0,3,1.0,4.0,0.0,3.0,34.0,0.0,5233.0,77.0,-2108.0,-57.0,-1484.0
LA2_1554032335,420,1,Elise,UTILITY,38.77,8,10,12,76,8,119,36,25,5,2,0.0741865634918212,0.7157944623961996,0,0,1,1,1,1,0,4.0,4.0,5.0,10.0,6.0,3.0,5590.0,27.0,1278.0,3.0,369.0
LA2_1522484076,420,0,Trundle,JUNGLE,24.05,0,6,2,29,100,9,3,1,3,0,-0.438795268535614,0.0,0,0,1,0,0,1,0,0.0,3.0,1.0,1.0,0.0,1.0,4350.0,89.0,-1854.0,-5.0,-952.0
LA2_1527038523,440,1,Ezreal,BOTTOM,22.57,4,1,5,148,8,11,8,0,0,0,-0.0745088458061218,0.0,0,0,1,1,1,1,2,2.0,1.0,4.0,5.0,0.0,0.0,5463.0,103.0,-513.0,-14.0,621.0
LA2_1518720433,420,0,Tristana,BOTTOM,34.08,8,9,5,184,32,25,11,6,2,0,0.3157562017440796,0.0,0,0,1,0,0,1,3,1.0,3.0,0.0,4.0,0.0,1.0,4295.0,82.0,-1987.0,-35.0,-653.0
LA2_1519040286,420,0,KSante,TOP,35.7,3,8,3,199,2,34,14,6,3,0,0.4594355821609497,0.7999299374560538,0,0,1,0,1,1,3,1.0,1.0,0.0,4.0,0.0,1.0,4429.0,97.0,-95.0,-7.0,-266.0
LA2_1527065732,440,1,Ezreal,BOTTOM,38.75,10,4,10,190,33,37,16,6,6,4,1.122497797012329,0.6066728929011775,0,0,1,1,1,1,3,7.0,1.0,0.0,5.0,2.0,1.0,7193.0,114.0,2383.0,15.0,672.0
LA2_1526375813,440,1,Thresh,UTILITY,31.42,4,1,11,33,4,88,40,10,6,1,0.6348470449447632,0.6966736506085351,1,0,1,1,1,1,0,3.0,1.0,2.0,14.0,4.0,3.0,4263.0,25.0,357.0,6.0,-829.0
LA2_1524680934,440,0,Vayne,BOTTOM,34.12,7,6,7,193,16,21,13,1,2,0,-0.3434928655624389,0.6334920149960745,0,0,1,0,1,0,0,1.0,1.0,1.0,6.0,0.0,1.0,4895.0,95.0,-1663.0,-26.0,-648.0
LA2_1515620572,420,0,Ezreal,BOTTOM,34.48,3,4,2,231,4,26,14,5,4,0,-0.1805227398872375,0.2313598082267088,0,0,1,0,1,1,3,1.0,2.0,1.0,5.0,1.0,0.0,4464.0,88.0,-1576.0,-41.0,-662.0
LA2_1504886774,440,1,Smolder,BOTTOM,25.83,7,3,16,203,7,33,12,8,4,3,1.322650671005249,0.5543083233343241,2,0,0,0,1,1,3,3.0,2.0,4.0,6.0,1.0,1.0,6154.0,121.0,-199.0,-8.0,483.0
LA2_1520248442,420,0,Ahri,MIDDLE,24.57,6,9,3,155,0,15,11,2,3,0,-0.201729416847229,0.3730247681145416,0,0,0,0,0,0,0,3.0,5.0,1.0,6.0,2.0,1.0,5192.0,89.0,-1251.0,-10.0,-1963.0
LA2_1516180091,420,0,Jhin,BOTTOM,38.43,2,6,7,260,4,32,16,6,4,4,-0.2082485556602478,0.7653659399347996,0,0,1,0,1,1,3,1.0,0.0,2.0,13.0,2.0,2.0,5435.0,123.0,352.0,3.0,-255.0
LA2_1527031869,440,1,Ezreal,BOTTOM,21.37,2,0,4,143,0,7,5,0,0,0,-0.3413589000701904,0.0,0,0,0,1,1,1,0,2.0,0.0,1.0,2.0,0.0,0.0,4681.0,91.0,554.0,2.0,902.0
LA2_1525323887,440,1,Trundle,JUNGLE,27.97,7,2,11,15,158,42,4,10,4,0,0.4680594205856323,0.4585354366413083,0,0,0,1,0,1,0,1.0,2.0,3.0,2.0,4.0,2.0,4697.0,86.0,-1314.0,-23.0,-870.0
LA2_1524663006,440,0,Ezreal,BOTTOM,38.9,4,5,7,252,6,28,18,8,6,1,-0.4499005079269409,0.6531516492223087,0,0,0,1,1,0,0,2.0,2.0,2.0,4.0,3.0,1.0,5428.0,112.0,429.0,0.0,-28.0
LA2_1515658912,420,0,XinZhao,JUNGLE,35.0,11,10,9,28,152,31,6,4,6,0,0.175743818283081,0.5724052312499798,0,0,0,1,0,0,0,1.0,4.0,1.0,2.0,2.0,2.0,4575.0,74.0,-342.0,-28.0,-723.0
LA2_1522475460,420,1,Trundle,JUNGLE,28.33,8,2,12,43,150,35,5,10,5,5,0.6668788194656372,0.6708825145175397,0,0,0,1,1,1,2,1.0,1.0,3.0,2.0,3.0,2.0,5550.0,92.0,-42.0,1.0,-83.0
LA2_1519375760,420,1,Trundle,JUNGLE,37.13,9,6,8,80,205,42,7,9,7,4,0.7282470464706421,0.8535354542460405,0,0,1,1,0,1,3,4.0,2.0,3.0,3.0,3.0,3.0,6730.0,94.0,1596.0,6.0,639.0
LA2_1520427370,420,1,Leblanc,MIDDLE,31.42,2,2,16,149,4,18,15,2,3,0,-0.2836125493049621,0.4024062698269231,0,0,1,0,0,1,1,0.0,2.0,2.0,5.0,1.0,0.0,3970.0,82.0,-2262.0,-8.0,-228.0
LA2_1524624338,440,0,Malphite,TOP,28.98,8,1,4,193,0,16,9,2,1,0,1.2219979763031006,0.6798196930330523,2,0,0,0,1,0,0,5.0,0.0,1.0,4.0,0.0,1.0,6807.0,94.0,1188.0,-15.0,317.0
LA2_1525532169,440,0,Braum,UTILITY,39.58,0,7,21,34,0,115,55,12,7,0,-0.0708571672439575,0.3709297379255869,0,0,1,0,1,0,3,0.0,1.0,2.0,11.0,4.0,0.0,3570.0,23.0,-301.0,13.0,-97.0
LA2_1526861985,440,0,Sejuani,JUNGLE,34.93,1,7,12,17,151,36,5,4,5,0,-0.0020070075988769,0.8563992065351068,0,0,0,0,0,0,0,0.0,2.0,0.0,3.0,0.0,3.0,4316.0,92.0,-1407.0,-18.0,-1128.0
LA2_1520943341,420,1,Trundle,JUNGLE,28.95,6,4,12,31,158,28,5,6,3,1,-0.0010758638381958,0.4689263682836254,0,0,1,1,1,1,0,1.0,3.0,3.0,3.0,2.0,1.0,5113.0,103.0,-341.0,-3.0,-756.0
LA2_1509277016,420,0,Trundle,TOP,24.53,4,9,1,148,0,12,8,1,1,0,0.190434455871582,0.1300716773294222,0,0,0,0,0,0,1,1.0,5.0,0.0,4.0,0.0,0.0,4315.0,88.0,-3102.0,-35.0,-1733.0
LA2_1520683149,420,0,Viktor,MIDDLE,27.42,2,3,5,194,0,22,11,1,3,1,1.071485996246338,0.7268675481116935,0,0,1,0,1,1,0,2.0,1.0,2.0,6.0,1.0,2.0,5165.0,108.0,-1104.0,-13.0,-1554.0
LA2_1520400354,420,0,Ahri,MIDDLE,29.5,4,10,4,198,0,25,15,2,4,0,-0.3037551045417785,0.7688909507389882,0,0,0,0,1,0,0,1.0,3.0,2.0,7.0,1.0,3.0,5019.0,113.0,-948.0,18.0,240.0
LA2_1523502416,440,0,Trundle,JUNGLE,27.47,1,6,3,6,122,15,2,3,2,0,-0.562894880771637,0.6265303502139673,0,0,0,0,0,1,0,1.0,1.0,2.0,2.0,2.0,2.0,4774.0,83.0,-977.0,-34.0,-1284.0
LA2_1526844051,440,0,Ezreal,BOTTOM,32.77,7,5,5,219,4,24,11,5,3,3,-0.0473045706748962,0.3685727932529516,0,0,0,1,1,1,2,3.0,1.0,2.0,4.0,1.0,1.0,5565.0,99.0,202.0,-21.0,-370.0
LA2_1526575298,440,1,Sejuani,JUNGLE,37.13,2,3,24,23,175,49,7,7,7,0,0.4571202993392944,0.8615071690662791,0,0,0,0,1,1,3,1.0,1.0,7.0,2.0,3.0,2.0,5062.0,87.0,-1076.0,-14.0,207.0
LA2_1524906643,440,0,Vayne,BOTTOM,42.6,9,8,5,231,26,24,14,4,1,0,-0.114091157913208,0.0,0,0,0,0,0,0,3,3.0,3.0,2.0,4.0,0.0,0.0,5007.0,88.0,-727.0,-21.0,-514.0
LA2_1506013238,420,0,KSante,UTILITY,31.3,5,10,1,88,2,32,11,3,2,1,-0.5621722936630249,0.4494653655419208,0,0,0,0,0,0,3,3.0,4.0,1.0,4.0,0.0,0.0,5316.0,51.0,522.0,20.0,671.0
LA2_1526017476,440,0,Ezreal,BOTTOM,28.15,2,6,8,172,4,12,9,2,1,0,-0.4648614525794983,0.0970194926694816,0,0,1,0,0,0,1,1.0,3.0,2.0,4.0,0.0,0.0,4375.0,78.0,-2068.0,-40.0,-1515.0
LA2_1554791784,420,1,Thresh,UTILITY,15.55,0,1,10,20,0,12,9,0,2,3,-0.2337105274200439,0.330841665521091,0,0,1,1,1,0,2,0.0,1.0,8.0,9.0,2.0,2.0,4150.0,18.0,425.0,-14.0,-183.0
LA2_1554670400,420,0,Thresh,UTILITY,29.4,3,8,9,32,0,72,27,10,5,1,0.0886691808700561,0.6049800421386196,1,0,1,0,0,0,3,1.0,1.0,5.0,12.0,4.0,3.0,4268.0,20.0,426.0,4.0,-415.0
LA2_1554698629,420,1,Thresh,UTILITY,33.48,2,8,25,31,0,86,41,9,4,0,-0.1718181371688842,0.1696906129061317,0,0,0,1,0,0,3,2.0,3.0,6.0,12.0,0.0,1.0,4539.0,14.0,-836.0,-9.0,-827.0
LA2_1554647642,420,1,Thresh,UTILITY,32.12,4,3,28,43,4,102,39,15,7,2,0.4074842929840088,0.7085999460224348,0,0,1,0,0,1,0,1.0,2.0,6.0,13.0,3.0,3.0,4098.0,27.0,2.0,17.0,1056.0
LA2_1554725909,420,1,Elise,UTILITY,28.38,2,7,14,34,4,79,32,7,4,0,0.267801284790039,0.5760502267461731,0,0,1,1,1,0,3,0.0,4.0,5.0,10.0,3.0,2.0,4102.0,26.0,184.0,13.0,-746.0
LA2_1554689358,420,1,Elise,UTILITY,30.7,7,6,16,36,2,94,31,14,6,0,0.0883612632751464,0.3759090820771618,1,0,1,1,0,1,3,3.0,2.0,6.0,10.0,4.0,3.0,5148.0,20.0,359.0,5.0,648.0
LA2_1554758618,420,1,Elise,UTILITY,23.93,7,2,12,36,6,49,18,11,5,2,-0.1834685802459716,0.4603411963079444,0,0,1,1,1,1,3,2.0,2.0,7.0,4.0,6.0,1.0,4775.0,24.0,717.0,4.0,125.0
LA2_1554711529,420,0,Elise,UTILITY,34.37,7,7,10,46,14,84,30,4,3,1,-0.2103506922721862,0.5569338698685256,1,0,0,1,1,1,3,3.0,2.0,5.0,8.0,0.0,0.0,5424.0,16.0,1353.0,-2.0,1004.0
LA2_1554740475,420,0,Elise,UTILITY,40.2,7,6,15,47,8,106,41,10,2,2,-0.2694013714790344,0.775835694179768,1,0,1,1,1,1,3,3.0,1.0,7.0,10.0,3.0,2.0,5291.0,18.0,967.0,1.0,1814.0
LA2_1554677919,420,0,Thresh,UTILITY,26.63,2,4,5,27,0,64,32,5,4,0,0.0198628902435302,0.7870115062862358,0,0,0,1,1,0,0,2.0,1.0,3.0,11.0,2.0,2.0,4230.0,22.0,290.0,3.0,521.0
LA2_1554769581,420,0,Elise,UTILITY,32.0,6,6,7,48,6,75,36,8,4,1,-0.1773882508277893,0.61298485878936,1,0,1,1,0,1,3,3.0,1.0,3.0,10.0,1.0,1.0,4572.0,20.0,1247.0,-1.0,235.0
LA2_1552868977,440,0,Smolder,BOTTOM,5.32,0,0,0,38,0,0,0,0,0,0,0.0,0.0,0,0,0,0,0,0,0,,,,,,,,,,,
LA2_1554669076,420,0,Thresh,UTILITY,2.1,0,0,0,1,0,0,1,0,0,0,0.0,0.0,0,0,0,0,0,0,0,,,,,,,,,,,
LA2_1554783561,420,1,Thresh,UTILITY,13.43,0,2,6,17,0,5,4,0,1,2,-0.1357465386390686,0.4751493349373488,0,0,1,1,1,0,3,,,,,,,,,,,
LA2_1525825710,420,0,Blitzcrank,TOP,1.73,0,0,0,0,0,0,0,0,0,0,0.0,0.0,0,0,0,0,0,0,0,,,,,,,,,,,
LA2_1509273668,420,0,Trundle,TOP,1.77,0,0,0,0,0,0,0,0,0,0,0.0,0.0,0,0,0,0,0,0,0,,,,,,,,,,,
LA2_1525936528,440,1,Thresh,UTILITY,15.27,1,2,9,17,0,20,11,1,2,0,0.1561634540557861,0.1346339942184334,0,0,1,1,1,0,3,1.0,2.0,9.0,11.0,1.0,2.0,4463.0,17.0,809.0,-12.0,1005.0
LA2_1505897117,420,1,KSante,UTILITY,8.57,0,2,0,17,0,3,3,0,0,0,0.0,0.0,0,0,0,0,0,0,0,,,,,,,,,,,
LA2_1518728657,420,0,Yunara,BOTTOM,2.48,0,1,0,3,0,0,0,0,0,0,0.0,0.0,0,0,0,0,0,0,0,,,,,,,,,,,
LA2_1510696324,440,0,Blitzcrank,UTILITY,1.78,0,0,0,0,4,1,1,0,0,0,0.0,0.0,0,0,0,0,0,0,0,,,,,,,,,,,
LA2_1524287991,420,1,Vayne,BOTTOM,10.98,3,1,1,78,0,6,3,1,0,2,5.166604518890381,0.0,0,0,1,0,1,0,0,,,,,,,,,,,
LA2_1554948025,420,0,Elise,UTILITY,31.6,8,9,6,43,6,83,31,8,2,1,-0.1213190555572509,0.5120097358022783,2,0,0,0,1,1,1,3.0,1.0,3.0,9.0,4.0,0.0,4734.0,22.0,1099.0,0.0,-72.0
LA2_1554955935,420,0,Thresh,UTILITY,26.65,2,6,7,43,0,55,23,6,3,0,0.1306910514831543,0.1465310145773584,0,0,1,1,1,1,0,2.0,2.0,3.0,8.0,1.0,0.0,4084.0,23.0,300.0,6.0,901.0
LA2_1554987455,420,0,Sejuani,JUNGLE,29.25,2,6,7,18,103,12,1,0,1,0,-0.5294537544250488,0.7840142722973462,0,0,1,1,1,0,3,1.0,2.0,5.0,1.0,0.0,1.0,4659.0,67.0,-1061.0,-31.0,-2127.0
LA2_1555001502,420,0,Thresh,UTILITY,39.53,2,11,20,39,0,93,37,7,3,1,-0.032317042350769,0.8505314495518161,0,0,0,0,0,0,2,1.0,6.0,4.0,8.0,0.0,2.0,4013.0,25.0,-2630.0,7.0,-1881.0
LA2_1554967333,420,0,Elise,UTILITY,42.8,3,7,21,57,4,112,46,8,5,0,-0.083000361919403,0.7786958966987076,0,0,0,1,1,1,3,0.0,0.0,5.0,10.0,1.0,1.0,3811.0,20.0,605.0,1.0,1182.0
LA2_1555699378,420,0,Leblanc,MIDDLE,34.35,15,5,13,200,0,29,15,7,5,2,-0.1133720874786377,0.6724110461325383,1,0,1,1,1,0,1,4.0,0.0,4.0,7.0,1.0,1.0,5764.0,89.0,311.0,-2.0,555.0
LA2_1555718695,420,1,Ahri,MIDDLE,19.95,8,4,5,126,0,18,8,2,2,0,0.0154378414154052,0.5758181082335966,0,0,0,0,1,1,3,5.0,2.0,2.0,5.0,1.0,2.0,6159.0,113.0,1001.0,-9.0,348.0
LA2_1555725980,420,0,Ahri,MIDDLE,24.43,1,6,1,147,0,10,7,2,1,0,-0.4980722665786743,0.0,0,0,0,0,0,0,0,0.0,4.0,0.0,4.0,1.0,0.0,3942.0,79.0,-4300.0,-67.0,-2723.0
LA2_1555846703,420,1,Malzahar,MIDDLE,41.62,10,11,16,298,8,25,17,3,2,1,-0.2872093319892883,0.7397539453927332,0,0,0,0,0,0,2,1.0,4.0,1.0,8.0,0.0,2.0,5228.0,128.0,-871.0,20.0,-559.0
LA2_1555738487,420,1,Ahri,MIDDLE,26.0,10,6,3,171,0,14,8,4,2,1,0.3984048366546631,0.7067698868176067,1,0,1,1,0,0,1,3.0,2.0,1.0,5.0,0.0,1.0,5460.0,109.0,-430.0,13.0,1170.0
LA2_1555523790,420,1,Ahri,MIDDLE,36.77,11,6,15,263,8,29,16,3,3,0,-0.130035400390625,0.8139665923126514,0,0,0,0,1,1,1,0.0,1.0,3.0,5.0,1.0,1.0,4657.0,105.0,-264.0,-18.0,-366.0
LA2_1555494442,420,1,Elise,UTILITY,24.37,16,6,9,38,8,53,18,6,2,7,-0.044973611831665,0.6798501607883171,1,0,1,1,0,1,3,9.0,4.0,3.0,11.0,3.0,1.0,7172.0,24.0,2709.0,-10.0,384.0
LA2_1555924723,420,1,Malzahar,MIDDLE,23.78,7,2,7,178,13,23,13,2,5,5,1.4899909496307373,0.6441302689075012,2,0,0,1,1,1,2,5.0,1.0,0.0,7.0,2.0,2.0,7128.0,126.0,2261.0,59.0,2207.0
LA2_1555452836,420,0,Leblanc,MIDDLE,24.13,5,4,4,151,0,22,12,2,3,1,0.4065746068954468,0.7028757371584722,2,0,1,0,0,0,0,4.0,2.0,3.0,8.0,1.0,3.0,5236.0,88.0,-2131.0,-44.0,-1339.0
LA2_1555882312,420,1,Malzahar,MIDDLE,15.38,1,3,6,100,4,9,6,1,2,2,0.26288902759552,0.2973867011753998,0,0,0,1,0,0,3,1.0,3.0,6.0,6.0,1.0,2.0,5461.0,104.0,-722.0,31.0,1230.0
LA2_1555650807,420,1,Ahri,MIDDLE,1.8,0,0,0,3,0,0,0,0,0,0,0.0,0.0,0,0,0,0,0,0,0,,,,,,,,,,,
LA2_1555444550,420,0,Ahri,MIDDLE,28.1,0,7,11,182,0,27,15,4,5,0,0.3847538232803345,0.6470310420003359,0,0,1,0,1,0,2,0.0,4.0,3.0,6.0,2.0,1.0,4375.0,94.0,-2596.0,-45.0,-1518.0
LA2_1555675137,420,1,Ahri,MIDDLE,28.85,3,5,11,205,0,20,11,3,1,3,-0.3506413698196411,0.5087628936997213,0,0,1,0,0,0,0,1.0,2.0,1.0,5.0,1.0,1.0,5470.0,118.0,292.0,9.0,-132.0
LA2_1555943736,420,1,Malzahar,MIDDLE,24.52,3,0,8,202,4,19,9,4,2,0,0.2204986810684204,0.4509079867446422,0,0,0,0,0,1,3,1.0,0.0,2.0,5.0,4.0,1.0,5379.0,126.0,1008.0,26.0,651.0
LA2_1555746932,420,0,Elise,UTILITY,17.17,0,7,3,21,0,8,4,1,1,0,-0.6741467714309692,0.0,0,0,0,0,1,0,1,0.0,6.0,3.0,4.0,1.0,1.0,3702.0,16.0,-1063.0,0.0,-1422.0
LA2_1555913597,420,0,Malzahar,MIDDLE,36.32,3,4,5,311,0,25,14,3,3,3,-0.1883407235145568,0.8263738863473284,0,0,0,1,0,1,3,2.0,0.0,1.0,6.0,2.0,2.0,5774.0,128.0,490.0,-9.0,-545.0
LA2_1555539598,420,0,Ahri,MIDDLE,32.42,4,8,3,187,4,39,19,3,7,3,0.6151773929595947,0.6833533578147006,0,0,1,1,0,1,2,4.0,1.0,1.0,7.0,0.0,3.0,5979.0,110.0,1781.0,14.0,784.0
LA2_1555903070,420,1,Malzahar,MIDDLE,4.6,0,0,1,35,0,1,2,0,0,1,0.0,0.0,0,0,1,0,0,0,0,,,,,,,,,,,
LA2_1555941198,420,0,Lulu,UTILITY,1.78,0,0,0,0,0,0,0,0,0,0,0.0,0.0,0,0,0,0,0,0,0,,,,,,,,,,,
LA2_1555514703,420,0,Elise,UTILITY,32.58,4,13,13,35,0,72,32,6,1,1,0.113940954208374,0.0,0,0,0,0,0,0,2,2.0,4.0,4.0,10.0,2.0,0.0,4394.0,23.0,-901.0,2.0,-237.0
LA2_1555575815,420,1,Ahri,MIDDLE,29.23,4,3,8,208,0,28,13,6,3,0,0.2029740810394287,0.424480417808194,0,0,1,1,0,0,3,2.0,2.0,0.0,6.0,1.0,1.0,5288.0,116.0,-544.0,-14.0,-566.0
LA2_1555839057,420,1,Malzahar,MIDDLE,25.48,5,5,6,195,8,12,8,2,2,4,0.2464898824691772,0.7524986610389486,0,0,1,1,0,1,3,2.0,2.0,1.0,5.0,0.0,2.0,5847.0,120.0,758.0,26.0,602.0
LA2_1555889224,420,0,Brand,UTILITY,33.05,4,10,24,43,0,68,28,9,4,1,-0.1623667478561401,0.8016008045017541,0,0,1,0,1,0,0,2.0,3.0,7.0,6.0,4.0,2.0,4762.0,24.0,914.0,-3.0,333.0
LA2_1555766868,420,1,Malzahar,MIDDLE,32.42,7,6,6,252,8,22,14,0,4,4,0.3307263851165771,0.7302169679246545,0,0,0,1,0,0,0,3.0,1.0,0.0,7.0,0.0,2.0,6351.0,137.0,-878.0,47.0,1572.0
LA2_1555779047,420,1,Veigar,MIDDLE,28.75,10,1,4,198,0,11,8,1,2,2,-0.0622711181640625,0.2716381975812375,0,0,0,1,0,1,3,3.0,0.0,1.0,3.0,0.0,0.0,6182.0,120.0,1240.0,-7.0,1019.0
LA2_1555483751,420,1,Ahri,MIDDLE,17.68,3,0,3,124,0,10,7,0,2,0,-0.3201857209205627,0.1531857027788346,1,0,1,1,0,1,3,1.0,0.0,0.0,6.0,0.0,1.0,4718.0,103.0,-555.0,-25.0,37.0
LA2_1555464079,420,1,Ahri,MIDDLE,44.35,18,5,11,306,21,40,18,5,2,0,0.3855322599411011,0.7233144564409634,1,0,1,0,1,1,0,2.0,1.0,3.0,6.0,0.0,1.0,5185.0,103.0,-662.0,-6.0,27.0
LA2_1555955253,420,0,Malzahar,MIDDLE,33.0,4,6,10,265,0,10,9,0,3,1,-0.3726491928100586,0.1388482227336304,0,0,1,1,1,0,2,2.0,1.0,2.0,1.0,0.0,0.0,5822.0,122.0,-434.0,-4.0,924.0
LA2_1555710429,420,0,Leblanc,MIDDLE,26.87,1,6,3,154,0,12,9,1,2,0,-0.0824624896049499,0.6759095816412255,0,0,1,0,0,0,0,1.0,3.0,2.0,4.0,0.0,1.0,4628.0,86.0,-1409.0,-41.0,-1468.0
LA2_1555904167,420,0,Malzahar,MIDDLE,30.18,5,5,8,265,4,24,12,4,2,2,-0.1683751344680786,0.0,1,0,0,0,1,0,0,2.0,1.0,3.0,6.0,2.0,1.0,5643.0,117.0,387.0,-20.0,-89.0
LA2_1555654471,420,1,Ahri,MIDDLE,26.07,2,5,12,164,0,16,12,1,4,0,0.5768684148788452,0.6241369847143617,0,0,1,1,1,0,2,0.0,2.0,6.0,6.0,0.0,2.0,4756.0,104.0,36.0,21.0,863.0
LA2_1555505616,420,0,Ahri,MIDDLE,25.53,6,6,2,190,0,18,9,2,2,0,-0.1926011443138122,0.276060942996077,0,0,0,0,0,1,0,3.0,1.0,0.0,5.0,0.0,1.0,5847.0,122.0,994.0,14.0,197.0
LA2_1555663235,420,0,Ahri,MIDDLE,32.45,7,8,7,205,0,27,14,2,4,2,0.19944429397583,0.6405114709164215,0,0,0,0,0,0,1,3.0,2.0,3.0,6.0,1.0,2.0,5494.0,105.0,625.0,8.0,722.0
LA2_1555866885,420,0,TahmKench,UTILITY,32.37,3,5,15,35,0,76,28,11,4,0,-0.2208420634269714,0.699709069965524,0,0,0,0,0,0,1,0.0,2.0,4.0,9.0,3.0,2.0,3705.0,17.0,-39.0,7.0,-54.0
LA2_1555992741,420,1,Thresh,UTILITY,30.78,2,1,19,32,0,75,34,5,5,2,0.7545006275177002,0.579748027975813,0,0,1,0,1,1,3,1.0,1.0,2.0,9.0,0.0,1.0,3990.0,25.0,-767.0,-7.0,-794.0
LA2_1555866363,420,1,Karma,UTILITY,1.67,0,0,0,0,0,0,0,0,0,0,0.0,0.0,0,0,0,0,0,0,0,,,,,,,,,,,
LA2_1555857212,420,1,Lulu,UTILITY,30.78,1,1,19,34,0,72,30,11,5,2,-0.0559834837913513,0.5821009361706941,0,0,1,1,1,1,3,1.0,1.0,6.0,9.0,1.0,2.0,4643.0,24.0,962.0,1.0,333.0
LA2_1555754519,420,0,Leblanc,MIDDLE,24.0,1,8,0,123,0,17,9,0,2,0,0.7393900156021118,0.2324536826036451,0,0,1,0,1,1,0,0.0,3.0,0.0,4.0,0.0,1.0,3928.0,80.0,-1688.0,-24.0,-683.0
LA2_1555533981,420,0,Elise,UTILITY,27.18,6,5,7,57,4,58,19,8,2,0,-0.1579278707504272,0.7908890565179898,0,0,1,1,0,0,3,5.0,1.0,6.0,12.0,3.0,2.0,5522.0,21.0,1776.0,3.0,1209.0
LA2_1555691050,420,1,Leblanc,MIDDLE,29.3,12,4,8,153,10,15,10,2,1,2,-0.4100122451782226,0.0,0,0,0,1,1,0,3,2.0,3.0,3.0,5.0,0.0,1.0,4978.0,81.0,-1221.0,-35.0,-902.0
LA2_1556686174,420,0,Karma,UTILITY,25.98,0,4,6,24,0,43,21,6,2,1,0.0999562740325927,0.5544443032921771,0,0,0,0,0,0,0,0.0,2.0,3.0,7.0,0.0,1.0,3518.0,12.0,-459.0,-2.0,-269.0
LA2_1556257673,420,0,Malzahar,MIDDLE,21.32,2,3,2,192,4,15,8,0,2,0,-0.0667113065719604,0.6087162741548003,0,0,1,0,0,0,0,1.0,1.0,2.0,6.0,0.0,2.0,5218.0,133.0,108.0,18.0,591.0
LA2_1556666681,420,0,MissFortune,BOTTOM,27.83,6,6,6,159,0,21,12,2,3,1,0.1292411088943481,0.1535074259008563,0,0,0,1,0,0,1,3.0,3.0,2.0,4.0,0.0,0.0,5562.0,84.0,-993.0,-25.0,-1081.0
LA2_1556388362,420,0,MissFortune,BOTTOM,24.63,1,3,3,198,0,20,8,3,1,0,-0.1621665954589843,0.0,0,0,1,0,1,0,0,1.0,1.0,2.0,5.0,1.0,1.0,5497.0,118.0,-733.0,11.0,752.0
LA2_1556654821,420,0,Vayne,BOTTOM,36.83,3,5,9,183,8,20,12,4,3,0,-0.521989107131958,0.5505007110109443,0,0,0,1,1,1,0,0.0,1.0,0.0,1.0,1.0,0.0,3825.0,76.0,-2356.0,-46.0,-914.0
LA2_1556463164,420,1,Malzahar,MIDDLE,22.82,2,1,6,184,1,11,6,2,2,0,0.4632622003555298,0.2137668955618341,0,0,1,1,1,1,3,1.0,1.0,1.0,3.0,2.0,1.0,4616.0,106.0,-767.0,-16.0,-159.0
LA2_1556292232,420,0,Malzahar,MIDDLE,23.75,4,5,8,182,1,16,7,1,2,2,-0.1138336062431335,0.5634051231682952,2,0,1,1,1,0,0,3.0,2.0,7.0,5.0,1.0,1.0,6222.0,118.0,-1066.0,16.0,-978.0
LA2_1556407200,420,0,MissFortune,BOTTOM,39.4,11,10,2,243,28,15,12,0,2,3,-0.3517409563064575,0.7487345698685853,0,0,0,1,0,0,3,2.0,1.0,1.0,5.0,0.0,1.0,6123.0,112.0,1018.0,1.0,-17.0
LA2_1556691767,420,0,MissFortune,BOTTOM,28.2,3,5,2,179,0,25,9,6,2,3,0.1971752643585205,0.2958691153025427,0,0,0,0,0,0,2,2.0,1.0,1.0,5.0,2.0,1.0,5602.0,107.0,1065.0,14.0,-93.0
LA2_1556392981,420,1,MissFortune,BOTTOM,30.48,3,6,4,230,7,18,7,4,2,2,-0.2193081378936767,0.3767217713385137,0,0,1,0,0,0,3,0.0,4.0,1.0,1.0,0.0,0.0,5136.0,109.0,-1034.0,-13.0,-683.0
LA2_1556188884,420,0,Malzahar,MIDDLE,22.47,5,7,4,160,4,12,9,2,2,2,-0.0539759993553161,0.637099050144297,0,0,0,1,0,0,1,2.0,4.0,2.0,6.0,2.0,2.0,6179.0,117.0,-656.0,-4.0,-582.0
LA2_1556521941,420,1,MissFortune,BOTTOM,34.72,16,5,8,228,4,20,13,4,2,2,-0.1634676456451416,0.8105818401697125,0,0,0,0,1,0,2,4.0,1.0,1.0,7.0,3.0,2.0,6502.0,121.0,2604.0,44.0,1182.0
LA2_1556586802,420,0,MissFortune,BOTTOM,37.18,9,8,8,238,20,33,15,4,4,1,-0.1606335043907165,0.4648258278242754,0,0,0,0,1,0,3,4.0,2.0,1.0,6.0,1.0,2.0,5734.0,88.0,-1096.0,-17.0,-344.0
LA2_1556230065,420,0,Malzahar,MIDDLE,30.22,4,9,11,193,4,21,12,3,3,2,-0.3199419975280761,0.7743092837360698,0,0,0,0,1,0,0,3.0,3.0,4.0,7.0,3.0,1.0,5474.0,88.0,-38.0,5.0,-103.0
LA2_1556241672,420,0,Lulu,UTILITY,33.6,0,4,5,40,0,53,27,6,4,5,-0.1883555650711059,0.6554418279657491,0,0,0,1,1,0,0,0.0,1.0,3.0,8.0,2.0,2.0,3850.0,24.0,256.0,1.0,630.0
LA2_1556581212,420,1,MissFortune,BOTTOM,29.4,6,7,3,179,4,19,10,3,2,1,0.2473394870758056,0.2917260805273676,0,0,1,1,1,1,3,2.0,4.0,1.0,6.0,1.0,1.0,5610.0,100.0,-221.0,-18.0,-195.0
LA2_1556473325,420,1,MissFortune,BOTTOM,30.82,9,2,6,208,14,24,11,7,3,0,0.2322690486907959,0.3393393584088996,0,0,0,1,1,1,3,4.0,2.0,2.0,5.0,0.0,2.0,6010.0,100.0,501.0,-17.0,92.0
LA2_1556363697,420,1,MissFortune,BOTTOM,31.28,10,2,7,217,9,27,13,2,3,0,0.4526964426040649,0.3810904573783298,0,0,0,1,0,1,3,0.0,0.0,1.0,5.0,0.0,1.0,5101.0,118.0,148.0,-5.0,426.0
LA2_1556225509,420,0,Thresh,UTILITY,1.7,0,0,0,0,0,0,0,0,0,0,0.0,0.0,0,0,0,0,0,0,0,,,,,,,,,,,
LA2_1556677330,420,1,Thresh,UTILITY,22.47,3,3,14,33,4,44,18,7,3,0,0.1938652992248535,0.3899190935196452,0,0,1,0,1,1,0,2.0,3.0,5.0,11.0,4.0,2.0,4303.0,28.0,-409.0,10.0,-485.0
LA2_1556508559,420,1,Ahri,MIDDLE,33.48,12,5,13,208,8,26,19,4,3,2,-0.193619966506958,0.6255983209393766,1,0,0,0,1,1,1,4.0,3.0,1.0,8.0,1.0,2.0,5466.0,93.0,-86.0,-20.0,-851.0
LA2_1556416780,420,0,MissFortune,BOTTOM,23.35,3,6,2,116,0,9,5,0,1,0,0.3933521509170532,0.0,0,0,1,0,0,0,0,3.0,3.0,1.0,5.0,0.0,1.0,5499.0,103.0,622.0,-8.0,398.0
LA2_1556632966,420,0,Ezreal,BOTTOM,34.12,11,6,5,209,8,19,7,4,2,5,-0.1387644410133361,0.374122165749336,0,0,1,1,0,1,2,5.0,2.0,1.0,1.0,0.0,0.0,6901.0,102.0,584.0,-8.0,120.0
LA2_1556645491,420,0,Ahri,MIDDLE,35.37,5,8,7,242,0,23,12,5,2,1,0.5388119220733643,0.4838347990294225,0,0,1,0,0,0,2,0.0,3.0,1.0,4.0,0.0,0.0,4387.0,102.0,-1471.0,13.0,-280.0
LA2_1556378815,420,0,MissFortune,BOTTOM,33.53,4,7,5,195,12,27,13,4,3,0,-0.1380163431167602,0.0778632620662243,0,0,0,1,1,1,1,2.0,3.0,1.0,3.0,1.0,0.0,5393.0,102.0,-1206.0,-23.0,618.0
LA2_1556267818,420,1,Ahri,MIDDLE,29.4,4,2,7,234,2,25,13,3,2,1,0.1301631927490234,0.5764572178387101,0,0,1,1,1,1,2,1.0,1.0,2.0,7.0,2.0,2.0,4681.0,114.0,-119.0,-1.0,364.0
LA2_1556355929,420,1,MissFortune,BOTTOM,32.88,18,6,2,219,28,22,12,3,2,1,0.9291285276412964,0.0,0,0,0,1,1,0,0,2.0,4.0,1.0,5.0,0.0,1.0,5414.0,94.0,-988.0,3.0,-854.0
LA2_1556278913,420,0,Ahri,MIDDLE,41.45,5,11,15,264,4,34,15,5,4,0,1.105816125869751,0.812023435155535,0,0,0,0,1,0,3,2.0,4.0,1.0,5.0,0.0,2.0,5939.0,106.0,-795.0,-15.0,-1211.0
LA2_1556624617,420,1,MissFortune,BOTTOM,29.73,9,4,10,185,16,21,11,1,3,3,0.1828802824020385,0.0,0,0,1,1,1,1,0,2.0,1.0,4.0,5.0,0.0,2.0,6062.0,115.0,517.0,9.0,355.0
LA2_1556198241,420,1,Malzahar,MIDDLE,33.47,5,6,11,242,12,21,10,0,1,2,-0.1574192643165588,0.7470695208523473,0,0,1,0,1,1,3,0.0,1.0,3.0,3.0,0.0,1.0,5436.0,139.0,174.0,20.0,901.0
LA2_1556175058,420,0,Ahri,MIDDLE,42.27,12,8,8,266,10,34,20,7,4,0,0.0629990100860595,0.464182591276377,0,0,1,1,0,1,3,3.0,3.0,2.0,5.0,2.0,1.0,5381.0,108.0,-839.0,0.0,-441.0
LA2_1556877224,420,0,Rakan,UTILITY,27.32,0,3,6,21,0,47,20,8,4,0,-0.1763805150985717,0.0660638615303184,0,0,1,0,0,1,3,0.0,1.0,3.0,6.0,2.0,1.0,3566.0,14.0,-1022.0,-1.0,-813.0
LA2_1556917527,420,1,Vayne,BOTTOM,29.93,3,3,5,203,0,9,8,2,1,0,-0.6002082228660583,0.0,0,0,0,0,1,1,0,0.0,3.0,2.0,3.0,0.0,0.0,4205.0,96.0,-1804.0,-29.0,-96.0
LA2_1556886191,420,1,Smolder,BOTTOM,29.7,5,2,12,215,4,15,8,1,1,0,-0.1703494191169738,0.0,0,0,1,0,0,0,3,1.0,0.0,1.0,4.0,0.0,1.0,4339.0,90.0,-2043.0,-39.0,-967.0
LA2_1556906846,420,1,Smolder,BOTTOM,20.65,4,1,3,169,0,6,5,1,0,4,-0.5451973676681519,0.0,0,0,0,1,1,1,0,3.0,0.0,0.0,3.0,1.0,0.0,6147.0,126.0,216.0,17.0,333.0
LA2_1556897356,420,0,Smolder,BOTTOM,31.83,3,7,9,245,4,18,11,2,1,1,-0.3539124131202698,0.7027150388571692,1,0,0,1,0,0,0,3.0,2.0,5.0,5.0,0.0,1.0,5675.0,94.0,-364.0,-3.0,-844.0
LA2_1556850944,420,0,Thresh,UTILITY,26.72,1,6,14,33,0,55,23,6,5,0,0.1135174036026001,0.8102167083539922,0,0,0,0,0,0,0,0.0,3.0,6.0,10.0,2.0,2.0,3910.0,24.0,-773.0,12.0,-574.0
LA2_1556862099,420,0,Lulu,UTILITY,38.1,0,5,9,32,0,79,28,10,4,1,-0.1883763670921325,0.1480664666252404,0,0,1,1,0,1,3,0.0,1.0,4.0,6.0,2.0,1.0,3657.0,19.0,-322.0,-9.0,397.0
LA2_1557143645,420,1,Smolder,BOTTOM,26.92,13,2,10,202,4,11,10,0,2,2,-0.2404621243476867,0.309868577759466,0,0,1,1,1,1,0,6.0,2.0,2.0,5.0,0.0,1.0,6087.0,91.0,-1940.0,-9.0,642.0
LA2_1557240479,420,0,Smolder,BOTTOM,23.78,6,4,2,173,2,11,10,0,2,0,-0.5488266944885254,0.0,1,0,0,1,0,0,3,4.0,2.0,0.0,7.0,0.0,2.0,5586.0,103.0,-190.0,-11.0,-542.0
LA2_1557228746,420,1,Smolder,BOTTOM,22.08,6,1,3,152,4,10,7,0,3,2,-0.3347678184509277,0.4267428838559461,0,0,1,1,1,1,0,3.0,1.0,1.0,3.0,0.0,1.0,5835.0,122.0,1215.0,44.0,1837.0
LA2_1557165046,420,1,Smolder,BOTTOM,23.07,12,4,6,151,4,17,8,0,1,3,1.000391721725464,0.0,0,0,0,0,1,1,1,6.0,3.0,3.0,6.0,0.0,1.0,6529.0,101.0,1588.0,11.0,1474.0
LA2_1557151827,420,0,Smolder,BOTTOM,35.2,8,4,4,295,18,25,11,7,1,3,1.0596139430999756,0.7700784926090984,0,0,0,1,1,0,0,2.0,1.0,0.0,5.0,0.0,1.0,5871.0,123.0,-76.0,-9.0,-395.0
LA2_1557252161,420,1,Smolder,BOTTOM,49.37,22,5,4,362,44,43,17,10,2,3,1.002415418624878,0.6667896778478681,0,0,1,1,0,0,3,3.0,0.0,2.0,4.0,1.0,0.0,5911.0,125.0,1799.0,27.0,1189.0
LA2_1557133785,420,1,Smolder,BOTTOM,30.95,7,0,10,235,16,22,12,2,3,0,0.9293204545974731,0.6136348004510449,0,0,0,0,1,0,1,2.0,0.0,1.0,5.0,1.0,1.0,5431.0,120.0,711.0,6.0,1023.0
LA2_1557595062,420,0,Smolder,BOTTOM,32.57,3,7,6,270,4,18,13,0,3,0,-0.49339723587036133,0.4189747572424197,0,0,0,1,0,0,0,1.0,3.0,3.0,7.0,0.0,2.0,5159.0,112.0,-289.0,-19.0,836.0
LA2_1557429946,420,0,Lulu,UTILITY,32.25,1,6,13,28,0,68,29,6,4,0,0.13322198390960693,0.6520346420087784,0,0,0,0,0,1,3,0.0,2.0,1.0,10.0,3.0,2.0,3299.0,20.0,-1603.0,-5.0,-177.0
LA2_1557512828,420,0,MissFortune,BOTTOM,34.78,13,10,8,200,15,14,10,1,1,0,-0.6504635214805603,0.0,0,0,1,1,0,1,1,1.0,5.0,2.0,3.0,0.0,1.0,4702.0,92.0,-2614.0,0.0,-868.0
LA2_1557598503,420,0,Smolder,BOTTOM,31.05,6,3,3,248,8,24,11,4,3,1,0.7532514333724976,0.4529985863127666,0,0,1,1,0,1,1,1.0,2.0,1.0,5.0,0.0,1.0,4967.0,111.0,-830.0,-10.0,-431.0
LA2_1557504125,420,0,Smolder,BOTTOM,25.62,2,3,3,209,2,15,10,0,2,1,1.4594085216522217,0.43953310378655236,0,0,0,0,1,1,0,0.0,1.0,3.0,5.0,0.0,1.0,4740.0,118.0,-117.0,27.0,-27.0
LA2_1557441605,420,1,Thresh,UTILITY,19.92,2,1,11,16,0,36,15,4,4,2,0.2354412078857422,0.7112880725187674,0,0,0,1,0,1,2,2.0,1.0,7.0,9.0,3.0,2.0,4788.0,13.0,744.0,3.0,480.0
